ids,data
Q6C1I4,7.72881E-06
Q6C4R6,2.45262E-06
Q6C1I7,6.20663E-06
Q6CB22,6.75122E-07
Q9B6E8,6.03622E-06
Q9B6E3,5.11243E-06
Q6C002,8.86568E-06
Q6C446,7.23242E-06
Q6C183,2.39232E-06
Q6CF65,7.81193E-06
Q6CDK2,8.04336E-06
Q6CCA1,4.67071E-06
W0TYQ4,6.09988E-06
F2Z685,1.60846E-06
Q6CGX3,3.46399E-06
Q6CHK6,3.07088E-06
Q6CGU2,6.04334E-07
Q6C829,4.82419E-06
Q6CBX2,1.00633E-07
Q6C7Q6,2.52366E-06
Q6C555,8.90016E-06
Q6C076,5.06871E-07
Q6C3F5,2.31626E-06
Q6C0L6,9.36768E-06
Q6CG31,6.15902E-07
Q6CBY7,3.09005E-06
Q6C3P1,3.2733E-06
Q6C5U9,9.31394E-06
Q6C4K9,9.04371E-06
Q6CE28,9.21425E-06
Q6CAV0,7.62029E-06
Q6C1L7,3.92427E-06
Q6C8L9,4.23378E-06
Q6CEI3,7.06149E-06
Q6C3F4,3.59348E-06
Q99155,9.89591E-06
Q6CCC5,7.64314E-06
Q6CEH5,4.12053E-06
Q6C753,9.00405E-06
Q6CD88,1.07019E-07
Q6C3D3,7.82901E-06
Q6CHT2,3.23025E-06
Q6CH17,2.62216E-06
Q6CGT5,4.9336E-06
Q6C200,7.22135E-06
Q6C0N5,2.24705E-07
Q6CAX1,4.35357E-06
Q6C3R2,4.0359E-06
Q6C5C6,2.04774E-06
Q6C8R5,5.51193E-06
Q6C118,5.48944E-06
Q6CH10,8.07567E-06
Q6CD08,9.40733E-06
Q9NSB4,9.45307E-06
Q6C416,8.43449E-06
Q6BZR0,5.43984E-06
Q6CAF2,6.93426E-06
Q6CHP6,9.75861E-06
Q6CER8,3.61723E-06
Q6CDY4,7.85765E-06
Q6C009,8.17561E-06
Q6C3F6,7.02593E-07
Q6CG38,8.37416E-06
Q6C0E6,3.67951E-06
Q6C079,7.16575E-06
Q6C0H4,2.73667E-06
Q6C0D6,2.79765E-06
Q6C7I8,8.75393E-06
Q6C1U8,3.81639E-06
Q6C760,9.45859E-06
Q6C4I3,1.29998E-06
Q6C388,5.09866E-07
Q6CHK3,7.82365E-06
B5FVG7,8.95062E-06
Q6C9W2,2.53977E-06
Q6C495,1.28378E-07
Q6CHI3,6.77733E-06
Q6C1T5,1.84395E-06
Q6CEQ3,1.13397E-07
Q6C9V9,7.48449E-06
Q6C1N2,6.0629E-06
Q6C0B2,4.14071E-06
Q6CE70,4.72171E-06
Q6C6U4,3.32524E-06
Q6C1N7,2.15414E-07
Q6C1F4,7.79964E-06
Q6CCV4,8.31939E-06
Q6CEP5,7.78917E-07
Q6C7T3,1.76265E-06
Q6CFN2,4.32302E-06
Q6CEF6,4.51972E-06
Q6C8F1,4.20314E-06
Q6CAR1,2.74526E-06
Q6CDH4,5.42522E-06
Q6C506,1.35617E-07
Q6CI31,4.53398E-06
Q6C0C0,6.98575E-06
Q6CHC1,2.66984E-06
Q6C9Z4,9.44852E-06
Q6CGQ4,5.54393E-06
Q6C9S4,1.1351E-06
Q9B6D0,4.44413E-06
Q6CAZ8,9.95449E-06
Q6CF71,7.94384E-06
Q6CH28,9.49515E-06
W0TYP2,2.61048E-06
Q6CH12,4.57148E-07
Q6CE67,1.54576E-06
Q6CEM3,8.20416E-06
Q6CE81,4.04936E-06
Q6C7S2,1.69614E-06
Q6C0S8,7.02403E-06
Q6CEI7,8.04036E-06
Q6CA01,6.94187E-06
Q6C237,8.43483E-06
Q6CBH9,8.97001E-06
Q6CE69,1.34872E-07
Q6CDI9,4.57691E-06
Q6C391,1.72836E-07
Q6CEW1,4.12326E-06
Q9B6C7,1.57942E-06
Q6CE27,8.13111E-06
Q6CCW0,9.49826E-06
Q6C3V4,3.94666E-06
Q6C7Z5,8.27109E-06
Q6CBR2,4.11595E-06
Q6CC03,3.60809E-07
Q6C5R2,2.69677E-06
Q6C8Q6,5.68533E-06
Q6CER0,1.96655E-07
Q6C2H0,1.77983E-06
Q6CDV6,2.38936E-06
Q6CB44,1.6415E-06
Q6CBE1,5.32107E-06
Q6CCR1,2.4657E-06
Q6CA39,8.01709E-06
Q6C7D3,6.77459E-06
Q6C6E7,2.40636E-06
Q6CFW4,6.53742E-06
Q6C6R6,2.76061E-06
Q6CCM5,9.1427E-06
Q6C3Q3,2.3212E-06
Q6CF40,4.25669E-06
Q6C1Q6,6.31159E-06
Q6C358,3.11436E-06
Q6C0F2,7.02001E-06
Q6C3K8,9.25718E-06
Q6C1W8,2.61018E-06
Q6C128,9.71768E-06
Q6C3B3,9.0695E-06
Q6C9W3,7.73248E-06
Q6CB40,6.3045E-06
Q6CE10,4.1292E-06
Q6CCK4,3.66993E-06
Q6C7L5,5.50297E-06
B5RSM7,7.94192E-06
Q6C4F9,7.85629E-06
Q6C6K7,9.32685E-06
Q6CEQ9,9.8521E-06
Q6CC77,5.77581E-06
Q6CAU0,3.35223E-06
Q6CES7,5.71729E-06
Q6CA21,5.18436E-06
Q6C1C3,3.99516E-06
Q6C232,5.34645E-06
Q6C802,9.6081E-06
Q6CC33,9.73488E-06
Q6C783,8.51271E-06
Q6C6U3,9.79041E-07
Q6CC36,6.4744E-06
Q6C5V7,7.9407E-06
Q6CFQ6,7.95474E-06
Q6C7H2,5.64884E-06
Q6C693,5.9296E-06
Q6CHT5,3.69573E-06
Q6CFH6,4.35202E-06
Q6CE04,6.06484E-06
Q6C6I0,9.94565E-06
F2Z5Y6,3.16715E-07
W0TYP1,6.56069E-06
B5FVD9,1.98255E-06
Q6C857,3.23924E-06
Q6CEX6,7.70661E-06
Q6CEX5,6.3276E-06
Q6C319,2.05221E-06
Q6C180,2.52483E-06
Q6C8Q7,1.16617E-06
Q6CET0,2.12009E-06
Q6C437,1.98883E-06
Q6C5F6,2.17564E-06
Q6CGD5,6.30877E-06
Q6CEB9,1.51942E-06
Q6CBA1,3.01275E-06
Q6CBK0,7.42001E-06
Q6C1B6,9.43753E-06
Q6CBZ6,4.1185E-06
Q6C067,5.31668E-06
Q6C4G3,9.00833E-06
B5FVF2,7.53008E-06
Q6C1A7,1.6155E-06
Q6CCP3,4.02998E-06
Q6C1H1,6.6451E-06
F2Z627,4.43577E-06
Q6CB35,8.93082E-06
Q6C0Q3,3.81583E-06
Q6CER2,9.38725E-06
Q6CF34,9.32041E-06
Q6C3Y9,4.70071E-06
Q6C8G8,8.00002E-06
Q6CA96,9.0528E-06
Q6C7C2,6.60491E-06
Q6C5J6,8.71782E-06
Q6C2X1,3.78611E-06
Q6C4V3,7.70176E-06
Q6C1Z6,9.46001E-06
Q6C7G8,6.33187E-06
Q6CDQ9,7.25472E-06
F2Z612,3.69534E-06
Q6CAJ9,4.22666E-06
Q6BZQ8,5.2913E-06
Q6CG09,9.36479E-06
Q6C028,1.82362E-06
Q6CCX7,6.80997E-06
Q6C4M2,3.68527E-06
Q6C7M3,3.69071E-06
Q6CCL2,8.42759E-06
Q6CAH7,9.65178E-06
Q6C1C5,2.01173E-06
Q6C9I8,9.55609E-06
Q6C0Y6,8.95084E-06
Q6CCN9,3.18915E-06
Q6CE64,4.41965E-06
Q6C057,3.9804E-06
Q6C3I5,2.72888E-06
Q6CFC5,9.24571E-06
Q6CGS9,9.80184E-06
Q6CE79,4.29735E-06
Q6CFW7,5.96561E-06
Q6CAP3,6.45594E-06
Q6C903,3.51741E-06
Q6CA42,3.00873E-06
Q6BZS9,4.11462E-06
Q6C1Y5,2.27046E-06
Q6C316,6.57139E-06
Q6C4A8,3.52399E-08
Q6C626,1.6571E-06
Q6CF14,3.34048E-06
Q6C9S5,7.23846E-06
Q6C5H9,4.6333E-06
Q6C184,2.95377E-06
Q6C9P7,2.8312E-06
O74934,2.44294E-06
Q6C402,7.55413E-06
Q6CF32,2.51298E-06
Q6C4I4,6.95379E-06
Q6CHV4,4.80993E-06
Q6CA80,8.47653E-06
Q6CH67,7.05669E-07
Q6C349,8.52128E-06
Q6CDV3,4.91842E-06
Q6C5I3,2.42366E-06
Q6C0H6,6.31834E-06
Q6C334,1.48708E-06
Q6C3S6,5.64604E-07
Q6CE35,4.75496E-06
Q6BZV5,6.79224E-06
Q6CEP3,9.21008E-06
Q6C714,4.71385E-06
Q6C1L5,3.61122E-06
Q6CHY7,3.74664E-06
Q6C6K4,9.52273E-06
Q6C6R4,4.37105E-06
Q6CF03,4.50561E-06
Q6C6T0,5.86004E-06
Q6C7T1,2.06622E-06
Q6C6D6,9.78828E-06
Q6CF00,8.32288E-06
Q6C4L8,2.38684E-06
Q6CA63,6.24927E-06
Q6C0Z1,2.08779E-07
Q6C9E9,1.99548E-06
Q6CDQ0,2.11747E-06
Q6CE43,8.34261E-07
Q6CGX7,6.01395E-06
Q6CC85,6.47378E-07
Q6C6F6,9.51528E-07
Q6C8W7,7.68905E-06
Q6CA09,1.28793E-06
Q6CAG9,6.46165E-06
Q6C4R7,4.5107E-06
Q6C4Y8,4.78134E-06
Q6C3S8,8.03408E-06
Q6CGK4,6.75104E-06
Q6CC58,1.24671E-07
Q6C774,6.35601E-06
Q6CI84,1.69211E-06
Q6C1V6,5.62743E-06
Q6CGL6,1.51818E-06
Q6C564,6.44214E-06
Q6C263,6.36064E-06
Q6CEU2,5.9697E-06
Q6C4H0,1.3118E-06
Q6C771,9.62504E-06
Q6CFL0,9.76369E-06
Q6C253,7.19963E-07
Q6CFW5,8.18334E-07
Q6C035,6.84626E-06
Q8WZL4,8.84989E-06
Q6C922,1.87535E-06
Q6C9B8,2.39248E-06
Q6BZS3,5.50184E-06
Q6C4Y4,2.52012E-06
Q6C0V9,7.07167E-07
Q6C3F7,4.07533E-06
Q6C2W1,7.41688E-06
Q6C119,7.23068E-07
Q6C561,1.37494E-07
Q6C4G2,3.42985E-06
Q6C2E4,9.80727E-06
Q6C3Y2,6.40827E-06
Q6C8F5,5.44917E-06
Q6C5D0,9.42364E-06
Q6C092,6.19054E-06
Q6C0A4,3.05634E-06
Q6C7C4,4.08865E-06
Q6C0W7,1.60497E-06
Q6C9B6,1.22781E-06
Q6C941,8.22101E-06
Q6C818,3.60268E-06
Q6C415,3.37615E-06
Q6C700,6.22535E-07
Q6C2M9,2.60344E-06
Q6C2N6,8.88323E-06
Q9TT36,1.86165E-07
Q6CDJ7,2.57015E-06
Q6C062,2.52109E-07
Q6CAQ3,3.42462E-06
Q6CBH1,2.88746E-06
Q6C0C6,5.17222E-06
Q6C1L0,4.87996E-06
Q6CB57,1.23795E-06
Q6C4R4,2.12916E-06
Q6C8Y6,8.10541E-06
Q6CI85,5.77664E-06
Q6C6T8,3.91126E-06
Q6C1U2,1.12885E-06
Q6CD49,1.1335E-07
Q6CBS4,1.17867E-06
Q6CB62,9.90305E-06
Q6C2D7,5.83967E-06
Q6CAX3,9.04804E-06
Q6C919,1.37793E-06
Q6C9I3,5.93322E-06
Q6CER6,4.62052E-06
Q6C0X9,1.0497E-06
Q6C6J5,5.87213E-06
Q6C697,9.07878E-06
Q6CH78,5.40251E-06
Q6C5A7,3.92672E-06
Q6CD51,3.53117E-06
Q6CCC1,7.95675E-06
Q6C3P6,2.14203E-06
Q6CD85,4.31629E-06
Q6C7Z7,8.67042E-06
Q6CD20,2.88102E-06
Q6C8Q0,7.55647E-06
P19012,9.05388E-06
Q6C9W5,2.65743E-06
Q6C5Y9,5.01494E-06
Q6C6N2,4.18847E-06
Q6C512,3.07534E-06
Q6C0K2,9.29839E-06
Q6CA93,1.10905E-06
Q6CD78,2.34885E-06
Q6C3N9,6.85262E-06
Q6C6N0,7.77149E-06
Q6C4N3,8.5046E-06
Q6CI43,7.14609E-06
Q6CBY6,5.39119E-06
Q6C845,5.61572E-07
Q6C483,4.50749E-06
Q6CB67,9.3626E-06
Q6CGZ8,6.06122E-06
Q6CE32,5.8171E-06
Q6C0J7,1.83434E-07
Q6CGQ2,6.79276E-06
Q6CGK1,7.92864E-06
Q6CEN9,8.85325E-06
Q6C554,1.13613E-06
Q6C520,1.20153E-06
Q6CGE1,8.26522E-06
Q6CDK1,3.7234E-06
Q6C5S4,8.17306E-06
Q6C839,2.26246E-06
Q6C9S7,8.99945E-06
Q6C861,6.89108E-06
Q6C283,5.58557E-06
B5FVD7,8.80223E-06
Q6C6P0,7.25882E-07
Q6C5Q4,5.4047E-06
Q6C6J6,7.82686E-06
Q6CE40,1.39841E-06
Q6C9W6,4.56563E-06
Q6CC19,6.59913E-08
Q6C4J1,7.04225E-06
Q6C6P3,4.94617E-06
Q6CE77,8.24392E-06
Q6C2E7,5.19843E-06
Q6C7F1,1.8735E-06
Q6CDN0,9.52876E-06
Q6C1U4,6.69233E-06
Q6C7X5,2.32017E-06
Q6CG75,9.02229E-06
Q6CFR5,5.39807E-06
Q6C255,9.61957E-06
Q6CFC7,4.18887E-06
Q6CH47,6.84799E-06
Q6CBI4,1.65358E-07
Q6CA50,4.89709E-06
Q6CHC6,4.11455E-06
Q6CET2,9.91363E-06
B5FVE7,1.10038E-07
Q6CAQ5,2.82827E-06
Q6CED4,6.97465E-07
Q6CE86,7.91451E-06
Q6C6J0,3.19931E-06
Q6C808,4.6428E-06
Q6C6C6,1.27253E-06
Q6C814,4.1562E-06
Q6BZR1,9.18348E-06
Q6C1R6,6.73125E-06
Q6C6Y5,4.64396E-06
Q6C0W1,1.85675E-06
Q6C523,7.46162E-06
Q6CBW0,2.34512E-06
Q6C9A9,6.32616E-06
Q6C2I2,2.06213E-06
Q6CGB0,3.58439E-06
Q6CCY4,9.72718E-06
Q6CE51,9.12345E-06
Q6C531,4.07401E-07
Q6CCX3,9.13505E-06
Q6C4J2,1.51387E-06
Q6CCH9,3.94275E-06
Q6CGD8,1.44832E-06
Q6CEY0,6.14598E-06
Q6C4P2,2.02952E-06
Q6CEV4,6.21792E-06
Q6CI62,5.62999E-06
Q6C362,9.33851E-06
Q6C2H4,2.02941E-06
Q6C4S0,7.06946E-06
Q6C0R5,6.13704E-06
F2Z5W7,1.66061E-06
Q6C4Y9,7.62203E-06
Q6C135,7.40771E-06
Q6CG66,1.35474E-06
Q6CAJ8,7.12869E-06
Q6CEV7,2.90495E-06
Q6C5S6,1.34693E-06
Q6CDC7,8.23916E-06
Q6CCL8,5.4823E-06
Q6C2Z5,5.33517E-06
Q6C8K1,9.95915E-06
Q6C6P8,3.94093E-06
Q6BZT9,3.11083E-06
Q6CDM2,9.34393E-06
Q6C9A4,8.48484E-06
Q6C149,8.51258E-06
Q6C167,7.6478E-06
Q6CDB8,3.67296E-07
F2Z6D5,5.49731E-06
Q6C480,1.16771E-06
Q6CAL6,3.80183E-06
Q6C543,3.47056E-06
Q6CA62,3.02352E-07
Q6C8G4,6.30376E-06
Q6CGG8,8.32139E-06
Q6CI14,1.04534E-07
Q6C3C8,3.01634E-06
Q6C7H3,7.34869E-06
Q6C116,1.7445E-06
Q6CAQ0,2.8043E-06
Q6C5K8,5.99996E-06
Q6CFD5,1.30444E-06
Q6C0F1,8.34547E-06
Q6C8W9,5.37258E-06
Q6C188,9.19532E-07
Q6C2X5,2.1078E-06
Q6CFN5,6.61852E-06
Q6C0E0,2.08499E-06
Q6CEZ7,6.2415E-06
Q6CDN2,7.22831E-06
Q6C893,3.68063E-07
Q6CDQ4,9.50796E-06
Q6CAP1,2.93292E-07
Q6CF68,1.9712E-06
Q6C5J8,4.74444E-06
Q6CAL8,1.79293E-06
Q6C4C6,8.22683E-06
Q6C344,6.10362E-06
Q6C9M2,7.52297E-06
Q6C114,4.92672E-06
Q6C6X2,9.28744E-06
Q6C8C7,3.4697E-06
Q6C6B6,9.92974E-06
F2Z5Z5,9.33066E-06
Q6C1D7,5.59023E-06
Q6C5R8,6.76635E-06
Q6CFQ9,9.02392E-06
Q6C428,2.23008E-06
Q6C228,3.38161E-06
Q6C8J4,4.03839E-06
B5FVH2,9.96741E-06
Q6CCS3,8.1462E-06
Q6CES8,5.79828E-06
Q6C0P9,6.47274E-06
Q6CDQ1,5.35397E-06
Q6CDU3,4.58682E-06
Q6CEV3,1.14191E-06
Q6BZY6,4.77448E-07
Q6C6B1,7.2877E-06
Q6C649,3.07572E-06
Q6CB86,5.65569E-06
Q6CBK3,9.26756E-06
Q6C9X1,3.31274E-06
Q6CG65,4.53974E-07
Q6C286,8.3761E-07
Q6CFT0,4.53548E-06
Q6C664,9.1976E-06
Q6C4H4,7.8349E-06
Q6C4M7,4.60502E-07
Q6CCS1,5.40807E-06
Q6CFV2,5.18636E-06
Q6CHD2,8.88024E-06
Q6CGS7,6.74227E-06
Q6CER4,8.08854E-06
Q6C5K2,7.33843E-06
Q6C044,8.01522E-06
P35908,3.1187E-06
Q6CA81,5.98227E-06
Q6CDL5,3.2511E-06
Q6C4K6,2.08588E-06
Q6CGZ9,5.15657E-07
B5RSM1,1.28761E-06
Q6CD42,4.24549E-06
F2Z6H3,5.94884E-06
Q6CBE3,4.00954E-06
P78980,2.11752E-06
W0TYP7,4.20898E-06
Q6C6S4,5.71276E-07
Q6CH24,8.03823E-06
Q6C015,6.31742E-06
Q6CFX6,7.30956E-06
Q6C0F4,3.90617E-06
Q6C409,7.25979E-06
Q6C5F2,3.48088E-06
Q6CC24,8.82081E-08
Q6C3B6,7.43539E-06
Q6CCA6,2.49969E-06
Q6CBL5,6.57461E-06
Q6C0K9,5.70676E-06
Q6CHC5,1.57344E-06
Q6C659,6.19864E-06
Q6C9K8,3.95321E-06
Q6CDC8,7.83843E-06
Q6C1U3,2.53628E-06
Q6CDD8,9.56095E-06
Q6C3A1,8.53245E-06
Q6C8A0,2.36036E-06
Q6CE66,8.4759E-06
Q6CE93,8.22012E-06
Q6C0P1,7.03684E-06
Q6C0D5,1.15826E-06
Q6C527,3.09888E-06
Q6CEE9,8.22814E-06
Q6CG49,1.27399E-06
Q6CFX3,8.68659E-06
Q6CI66,8.71245E-07
Q6C2I5,4.44652E-06
Q6CD17,5.73101E-06
Q6C7M6,6.57399E-06
Q6C3U4,8.9341E-06
Q6CDW5,8.70211E-06
B5FVC6,1.35538E-06
Q6C4E0,2.71783E-07
Q6CF13,5.18047E-06
Q6CCK1,7.67348E-06
Q6CGZ0,3.22302E-06
Q6C434,1.81043E-06
Q6C5M9,8.04293E-06
Q6C9S8,4.55712E-06
Q6C052,2.03175E-06
Q6CE25,3.59989E-06
Q6C2S7,3.40622E-06
Q6C3G6,9.25907E-06
Q6C133,9.01059E-06
Q6C0X6,3.92902E-06
Q6C4S5,2.06994E-06
Q6C510,5.36828E-06
Q6C7M1,6.9544E-06
Q6CB56,5.84859E-06
Q6C1W1,4.73537E-06
Q6CFQ5,7.7681E-06
Q6C4G7,4.10666E-06
Q6C7Z1,4.13817E-06
Q6C6K8,1.34334E-06
Q6C9D6,4.54032E-06
Q6C8U4,5.27864E-06
Q6C964,7.5508E-06
Q6CFD7,2.28965E-07
Q6C0E3,6.50268E-06
Q6CCK0,7.17768E-06
Q6CCR0,6.30943E-06
Q6C9X7,8.93221E-06
F2Z623,4.83946E-07
Q6C892,1.89921E-06
Q6C5M7,9.87574E-06
Q6C491,1.93462E-06
Q6C733,7.27969E-06
B5FVB7,6.22321E-06
Q6C9R5,9.17204E-06
F2Z6A9,9.5674E-06
Q6C8J5,5.68406E-06
Q6CDF6,3.75836E-06
Q6C7U4,3.95654E-06
Q6CG92,4.44575E-06
Q6C9X5,2.21205E-06
Q6CDM5,3.089E-06
Q6C6I9,1.47427E-06
Q6CE83,9.98878E-06
B5RSM5,9.57031E-06
Q6C5I1,8.77353E-06
Q6CEP6,6.12431E-06
Q6C8L4,5.04321E-06
P41925,4.95485E-06
Q6C130,4.15132E-06
Q6C2X6,4.02452E-07
Q6C536,9.35787E-07
Q6C6T6,1.48752E-06
Q6C677,3.36687E-06
Q6C4J8,4.48941E-06
Q6C424,7.31702E-06
Q6C3C2,1.12874E-06
Q6C6C0,4.25682E-06
Q6C3W2,2.33986E-06
Q6C9I0,8.005E-06
Q6CBB4,9.48109E-06
Q6CC86,9.78133E-06
Q6C9T6,7.60781E-06
Q6C1B5,9.03903E-06
Q6C1Z2,4.88002E-06
Q6CHT9,5.8308E-06
Q6C1Z1,3.97617E-06
Q6C1S2,4.77615E-06
Q6C4W0,3.52595E-07
Q6C8S4,2.38745E-07
Q6C601,3.1356E-06
Q6CDD9,6.46318E-06
Q6CAZ3,3.27995E-06
Q6CF15,9.53331E-06
B5FVF7,7.53778E-06
Q6CHI6,5.87885E-06
Q6C2C1,2.46256E-06
Q6CFK7,4.90958E-06
Q6CAM5,1.9853E-06
Q6C651,2.86752E-06
Q6CH92,7.56697E-06
Q6C308,5.36298E-06
Q6CAX8,9.20756E-06
Q6C1P4,2.25634E-06
Q6CGM4,6.46859E-06
Q6C7N5,4.9342E-07
Q6CE42,4.55518E-06
Q6C7T4,5.18189E-07
Q6C940,9.08952E-06
Q6C5G4,9.55693E-06
Q6CER3,4.52584E-06
Q6CHV1,8.572E-06
Q6C7V5,4.53792E-06
Q6C2J6,6.94777E-06
Q6C3R0,9.98099E-06
Q6CBY9,6.8319E-06
Q8WZL6,6.67608E-06
Q6CDU9,8.156E-06
Q6C3S9,2.40673E-06
Q6C4N0,1.55179E-06
Q6CGP6,8.21763E-07
Q6C898,9.12104E-06
Q6CHV0,7.74991E-07
Q6C620,1.89445E-07
Q6C2F4,9.10213E-06
Q6C5K6,5.79568E-06
Q6C0F3,5.86664E-06
Q6C853,5.70606E-06
Q6CEF5,3.68642E-06
Q6C1G9,8.05505E-06
Q6CF16,4.71379E-06
Q6CCN7,9.20801E-06
Q6BZQ6,2.94229E-06
Q6CEG5,9.61343E-06
Q6CFC6,4.67943E-08
Q6C6F4,9.62242E-07
Q6C2F5,8.23479E-06
Q6C5P0,8.13493E-06
Q6CCC7,1.03549E-06
Q6C4W8,7.26878E-06
Q6C599,2.31595E-06
Q6CA87,7.641E-06
Q6CFR9,6.66047E-08
Q6C4V0,7.01166E-07
Q6CG40,1.03374E-06
Q6CFU2,7.0432E-06
Q6C0A9,3.65853E-06
Q6C2Y1,5.70065E-06
Q6C0F8,8.68579E-06
Q6CFC2,1.13995E-06
Q6C171,8.98314E-06
Q6C281,2.40848E-06
Q6C291,9.76688E-06
Q6C5U1,7.15717E-06
Q6C261,5.40627E-06
Q6C6M8,4.23934E-06
Q6BZT6,8.67765E-06
Q6CFD3,2.2095E-06
Q6C0X8,3.49675E-07
Q6CDA1,2.58997E-06
Q6C2J3,1.71749E-06
Q6C7D4,7.16866E-08
Q6CHJ2,1.24898E-06
Q6C9B2,8.70138E-06
Q6CHS8,7.17808E-06
Q6CF37,6.50291E-06
Q6C8T9,2.16993E-06
Q6C9Q5,5.40531E-06
Q6CA28,1.13899E-06
Q6CCV7,2.37852E-06
Q6C3D8,5.45556E-06
B5RSL3,5.88231E-06
Q6C4E6,7.99707E-06
Q6CEZ8,5.98804E-06
Q6C0S3,7.22292E-06
Q6CG71,6.43996E-06
Q6CE37,4.15472E-06
Q6C636,8.75236E-06
Q6CAE1,9.9629E-06
Q6CAM2,7.52403E-06
Q6C8U9,5.05115E-06
Q6C8L5,2.42228E-06
Q6C072,1.50644E-06
Q6CG22,3.16436E-06
Q6C9F1,2.24688E-07
Q6C1B1,2.25224E-07
Q6C8D5,4.2117E-08
Q6CF63,2.62105E-06
Q6CCY0,5.98323E-06
Q6CE88,7.06231E-06
Q6CHP7,8.56703E-06
Q6C654,1.11689E-06
Q6C8J6,3.66216E-06
Q6CEC2,2.68376E-06
Q6CFB4,2.23442E-07
Q6CDG3,8.4178E-06
Q6CFG8,2.21152E-06
Q6C8S1,6.83712E-06
Q6C4L4,4.11256E-07
Q6C4V5,7.40865E-06
Q6CEL5,7.37913E-06
Q6C8G2,4.71259E-06
Q6C5H8,6.81334E-06
Q6CHN9,4.01001E-06
Q6CBJ5,5.6007E-06
Q6CFV6,4.29353E-07
Q6C6B0,2.02314E-06
Q6CDJ8,3.76639E-06
Q6CGI4,7.94681E-06
Q6CFW0,8.85757E-06
Q6CAE6,2.26497E-06
Q6C1G3,5.12101E-06
B5FVA7,1.70847E-06
Q6CFV9,8.57762E-06
Q6CCX2,7.27607E-06
Q6CGZ1,3.27034E-06
Q6C4Q1,3.16687E-06
Q6CGD1,9.7074E-06
Q6CG41,5.1739E-06
Q6C984,4.56515E-06
Q6C876,8.69995E-06
Q6CE09,1.19802E-06
Q6C6A1,1.46859E-06
Q6C8U5,8.74839E-06
Q6C3A7,5.57377E-06
Q6C4Y3,6.68707E-06
Q6CED8,4.04644E-06
Q6C4G8,3.16859E-06
Q6C5J0,7.52506E-06
Q6CCV8,7.95009E-06
Q6C1Q3,6.35713E-06
Q6C801,2.12278E-06
Q6CHS7,1.69736E-06
Q6CC38,2.08305E-06
Q6C9K9,9.81544E-06
Q6C590,9.21748E-06
Q6C7T7,9.32498E-07
Q6CD38,8.24761E-06
Q6CBK6,7.58065E-07
Q6C8G7,3.05632E-06
Q6CA54,9.86752E-06
Q6CAU6,6.10264E-06
Q6C4R5,4.05558E-06
Q6CEB5,9.66754E-06
Q6C731,8.80736E-06
Q6CFH3,7.56665E-06
Q6C579,7.40073E-06
Q6CB59,1.87433E-06
Q6CHD6,7.19366E-06
Q6C0I7,1.60965E-06
Q6C436,8.07511E-07
Q6C3P5,4.25124E-06
Q6C998,3.51661E-06
Q6C735,8.50768E-07
Q6C456,4.36443E-07
Q6C6F1,7.84231E-06
Q6C5X5,7.54629E-06
Q6C9H9,5.2085E-06
Q6C5Z7,9.65289E-06
Q6C315,8.97261E-06
Q6CHY3,9.22144E-07
Q6CCP1,6.01755E-06
Q6C0Y9,9.94815E-07
Q6C5N0,7.31488E-06
F2Z693,6.27069E-06
Q6C720,9.31512E-06
Q6C9I9,4.65216E-06
Q6CEA0,9.31422E-06
Q6C6K6,6.14518E-06
Q6C2K6,3.88171E-07
Q6CCR9,1.25011E-06
Q6CBV2,4.31222E-06
Q6CGF5,1.9971E-06
Q6C8V4,5.22986E-06
Q6CI88,1.52117E-07
Q6CDJ2,2.55722E-07
Q6C0Z9,1.12442E-06
Q6C9S6,5.71508E-06
Q6CAL3,7.80997E-06
Q6C2H9,4.14035E-06
Q6C660,5.78543E-06
Q6C9F2,3.10962E-06
Q6C2U1,2.55993E-07
Q6CCZ4,3.58576E-06
Q6C7Q0,4.71154E-06
Q6C1F1,8.68093E-06
Q6C7S0,6.80882E-06
Q6CCT6,3.86513E-06
Q6CED3,7.8695E-06
Q6C9D3,6.94648E-06
Q6CCH0,4.13921E-06
Q6C231,3.90748E-06
Q6CGF4,5.56798E-06
Q6C799,5.4987E-06
Q6CE61,8.60421E-06
Q6C222,9.11915E-06
Q6CDM3,5.75701E-06
Q6C9R3,2.45183E-06
O74932,1.61181E-06
Q6C003,2.53006E-06
Q6CCB6,6.8801E-06
Q6CAJ4,8.10089E-06
Q6BZY2,1.75858E-06
Q6C703,6.81449E-06
Q6CFN4,5.25622E-06
Q6CB28,3.52144E-06
Q6CHS5,2.79683E-06
Q6C6E0,8.16586E-06
Q6C6L4,6.94632E-06
Q6C8G1,4.62095E-07
Q6C5T0,2.70388E-06
Q6CC63,6.42276E-06
Q6C9M8,1.97491E-06
Q6C6Z3,7.72854E-06
Q6C7S6,5.5828E-07
Q6CDI8,6.28556E-06
Q6CCD2,3.04019E-06
Q6C127,1.09615E-09
F2Z617,4.07147E-06
Q6C8G6,1.94467E-06
Q6C4X8,2.93336E-06
Q6CA95,2.21879E-06
Q6C4P0,7.32111E-06
Q6C810,3.53421E-06
Q6C464,9.02589E-06
Q6BZP0,9.58439E-06
Q6C9A2,2.14785E-06
Q6C9E7,1.73367E-06
Q6CCQ1,9.74907E-07
Q6C5I7,2.33072E-06
Q6CDB3,1.16348E-06
Q6CA83,8.22224E-07
Q6CF24,7.2631E-06
Q6CEL1,8.76371E-06
B5FVH7,7.61576E-06
Q6C074,7.55573E-06
Q6CAT8,7.93462E-06
Q6C515,7.49943E-07
Q6C3L4,8.45397E-06
Q6C0B8,9.63592E-06
Q6C5V4,1.92687E-07
Q6BZR2,2.94653E-06
Q6C193,1.2889E-06
Q6CAC4,9.92455E-06
Q6CFF4,8.80977E-06
Q6C7D6,6.18005E-06
Q6C337,8.92337E-06
Q6C093,2.26391E-06
Q6C474,4.57467E-06
Q6CH82,1.10908E-06
Q6C529,2.58322E-06
Q6CFM0,8.7001E-06
Q6CAQ9,7.89764E-07
Q6C1A5,4.56238E-06
Q6C498,3.97521E-07
Q6CGG0,3.53857E-06
Q6C7Q1,5.6228E-06
Q6CI94,2.14827E-06
Q6CDY7,7.15815E-06
Q6C138,1.28782E-07
Q6CD71,4.83199E-06
Q6C625,9.38391E-06
Q6CDD4,8.56896E-06
Q6CC27,6.03264E-06
Q6CG12,2.53808E-06
Q6C770,9.8976E-06
Q6C3X3,7.7962E-06
Q6C6L3,9.62325E-06
Q6CAY3,9.08945E-06
Q6CGP9,5.41719E-06
Q6CC90,3.96661E-06
Q6CHK0,6.4785E-06
Q6CD10,2.7507E-06
Q6C5Z5,4.0136E-06
Q6C3T0,7.95315E-06
Q6C1A2,7.87825E-07
Q6C1U7,7.87644E-06
Q6C8S0,7.63916E-06
Q6C0W9,5.70182E-06
Q6CCX5,4.33478E-06
Q6C2Q8,4.27915E-06
Q6C8V8,9.37268E-06
Q6C4U4,6.44656E-06
Q6CD29,4.49631E-06
Q6CEW5,1.7135E-06
Q6C7G0,8.71839E-06
Q6CAH0,1.28424E-06
Q6C7F7,5.31491E-07
Q6CCH6,6.17508E-06
Q6C5L2,7.734E-06
Q6C2G2,3.17229E-06
F2Z6B2,3.91566E-06
Q6C4Q9,8.25221E-07
Q6C059,6.93604E-06
Q6CF35,7.80394E-06
Q6C321,7.96435E-06
Q6CD95,1.16838E-06
Q6C179,9.86686E-06
Q6CHH8,4.80255E-06
Q6BZR7,5.72108E-06
Q6CFQ3,2.59841E-06
Q6C9K4,8.12609E-07
Q6CDR3,3.29703E-06
Q6C953,7.02706E-06
Q6CG64,6.68897E-06
Q6C1P9,1.35591E-07
Q6C0H5,1.2866E-06
Q6C2Z4,1.87755E-06
Q6C5Y4,7.86497E-06
Q6CHX4,3.64889E-06
Q6C168,3.56917E-07
P05784,8.36862E-06
Q6C380,6.89234E-06
Q6CHH7,5.35063E-06
Q6C1X6,3.17856E-06
Q6C287,2.62645E-06
Q6C064,5.95814E-06
Q6CBR8,6.16802E-06
Q6C939,3.22946E-06
B5RSM8,9.79764E-07
Q6C1B4,7.18734E-06
Q6CGN1,2.45709E-06
Q6CGI7,3.88923E-06
Q6C0T6,9.64762E-07
Q6C7Y0,3.12564E-06
Q6C6V3,9.35843E-06
Q6CA49,8.62639E-06
Q6CHC4,3.96156E-06
Q6CFD6,2.2457E-06
Q6C214,3.68606E-06
Q6C547,5.8548E-06
Q6CHF1,8.81207E-06
Q6CD70,9.95275E-06
Q6CCX8,4.06225E-06
Q6C1Z4,4.59926E-06
Q6C452,7.13305E-06
Q6C475,3.44091E-06
Q6C2S2,9.0583E-06
Q6CCI7,4.01219E-06
Q6C9P0,1.88775E-06
Q6C5U8,5.42039E-06
Q6C8M1,9.4292E-06
Q6CB01,5.35502E-06
Q6C4R3,3.96314E-06
Q6C2Y2,8.35978E-06
Q6C2A4,6.94919E-06
Q6CCG0,1.95016E-06
Q6C1L4,5.73852E-06
Q6CGQ3,2.57943E-06
Q6C6L9,7.15298E-07
Q6C457,8.98202E-06
Q6C7H0,7.76789E-06
Q6C854,5.82616E-07
Q6C7D8,9.75828E-06
Q6CCY7,5.9279E-06
Q6C238,6.1382E-07
Q6C5P9,5.7945E-08
Q6BZX1,7.2449E-07
Q6C0Q4,3.22594E-06
Q6CFA2,4.21016E-06
Q6C6F3,4.42131E-06
Q6C1Q1,1.87812E-06
Q6CAZ6,9.26106E-06
Q6C7X6,4.85648E-06
Q6CI47,4.86821E-06
Q6C218,9.03107E-06
Q6C4K7,2.60882E-06
Q6CCE5,9.97042E-07
Q6C779,5.88711E-06
Q6CH80,9.68735E-06
Q6CFU6,8.92338E-06
Q6CCB8,9.97499E-07
Q6CEZ3,8.57696E-07
Q6CDM9,6.77925E-06
P41943,2.55978E-06
Q6CGF3,3.19052E-06
Q6C863,1.60295E-06
Q6CB21,5.55819E-06
Q6C0K0,8.71302E-06
Q6CGC8,9.87761E-06
Q6C6D9,8.57419E-06
Q6C499,9.86839E-06
F2Z6B9,1.37626E-06
Q6CCT8,4.72787E-06
Q6C8A6,5.39032E-06
Q6CF29,9.48641E-06
Q6C1L1,8.72505E-06
Q6C3H2,2.06319E-06
Q6C3R1,8.80561E-06
Q6CF47,5.92949E-06
Q6CF42,4.40407E-06
Q6C381,1.39227E-06
Q6C2A2,9.92737E-06
Q6C094,6.43175E-06
Q6CBI6,9.25772E-06
Q6CEC6,8.74975E-06
Q6CI77,1.19961E-06
Q6C4R1,9.64357E-06
Q6C851,2.86278E-06
Q6C4N9,2.27152E-06
Q6C289,1.53344E-06
Q6CEZ0,4.46925E-06
Q6CC04,4.15925E-06
Q6CFZ5,4.63627E-08
Q6C9F5,8.80992E-06
Q6CAG1,1.96689E-08
Q6C6U8,8.43662E-06
Q6C7U0,3.53218E-07
Q6C2A8,7.11181E-06
Q6C5D9,7.50897E-07
Q6C2A5,6.93565E-06
Q6C757,9.24401E-07
Q6CA35,5.32765E-06
Q6C6Y2,8.67527E-06
Q6CB20,8.42626E-06
Q6C0A8,5.1624E-06
Q6CCN2,8.88902E-06
Q6CDC4,5.63972E-06
Q6CBB5,5.73316E-06
Q6C6T9,9.9818E-06
Q6CBW9,2.0395E-06
Q6C233,8.93402E-06
Q6CEW3,5.83209E-07
Q6CA24,4.07041E-06
Q6C0A5,3.35237E-09
Q6CGV8,5.11125E-06
Q6C8D8,5.43317E-06
Q6C1R8,6.88759E-06
Q6CFV8,6.23403E-06
Q6CAZ7,3.68852E-06
Q6C6T7,8.55851E-06
Q6C9B0,3.18283E-06
Q6C0T3,4.4504E-06
Q6C0K3,9.8649E-06
Q6C572,5.9839E-06
Q6C637,7.70063E-06
Q6C724,8.19214E-06
Q6C961,7.54249E-06
Q6CGS4,7.6577E-06
Q6C153,4.8819E-08
Q6CFR3,7.74779E-07
Q6CEC7,2.77825E-06
Q6CD15,2.0089E-06
F2Z6C7,8.4254E-06
Q6C462,9.64561E-06
Q6C2J4,5.97783E-06
Q6C9I2,8.05359E-06
Q6C265,2.93282E-06
Q6CHQ6,8.94076E-06
Q6C3T1,3.94853E-06
Q6C5M8,6.98964E-06
Q6C7C5,5.1415E-06
Q6C5K0,2.23149E-06
Q6CBZ8,5.01141E-06
B5RSK1,2.58468E-06
Q6C652,3.61529E-06
B5RSL9,2.70111E-06
Q6CA99,3.78188E-06
Q6C6M5,3.40104E-06
Q6CA72,2.42448E-09
Q6C4B8,3.50017E-06
Q6CGB2,8.53319E-06
Q6CH57,9.22079E-06
Q6BZV0,2.04812E-06
Q6C069,8.26306E-06
Q6C5B5,8.14942E-06
Q6C6M4,2.73793E-06
Q6C2S3,3.38193E-06
Q6C7R9,2.12844E-06
Q6C346,3.17984E-06
Q6C205,3.6103E-06
Q6CF49,9.23756E-06
Q6CHS4,8.1962E-07
Q6CG83,5.70371E-06
Q6CAA7,1.23367E-06
Q6C7K4,8.3229E-06
Q6C2T7,3.57969E-06
Q6CFU9,4.24035E-06
Q6C9Y0,6.5541E-06
Q6CA64,5.32097E-06
Q6C7P0,4.26475E-06
B5FVC0,3.87577E-06
Q6CBU7,9.50399E-06
Q6CF51,3.06017E-06
Q6C9H8,8.5969E-06
Q6C4Y0,7.74961E-06
Q6C6C5,7.29018E-06
Q6C1T3,1.13415E-06
Q6C740,7.93414E-06
Q6CD87,1.81326E-06
Q6CFS7,3.61671E-06
Q6C2K7,9.71372E-06
Q6CHU2,8.96796E-06
Q6C6X9,1.51442E-06
Q6CDW6,6.68172E-06
Q6C7M8,4.65396E-06
Q6C0G2,9.20281E-06
Q6C826,3.45733E-07
Q6C568,3.36689E-06
Q6CHL3,3.31233E-06
Q6C7N1,9.41073E-06
Q6CEY6,6.56152E-06
Q6C7W6,1.99159E-07
Q6C4M1,3.90085E-07
Q6CI64,1.45824E-06
Q6CE57,9.76085E-06
B5FVH4,2.62426E-06
Q6C101,4.58406E-06
Q6C3K2,3.50898E-06
Q6C5P7,6.08994E-06
Q6C1V1,8.31627E-06
Q6C0L7,5.40984E-06
Q6C825,6.81187E-06
Q6C5G7,5.32447E-06
Q6C3H1,2.54113E-06
Q6C8Y8,3.72167E-06
Q6C9V2,3.49442E-06
Q6C1C9,4.53437E-06
Q6C4D1,3.09081E-06
Q6C3K4,8.69421E-06
Q6C988,3.95701E-06
Q6C0R8,9.10432E-06
Q6CBN0,6.43239E-06
Q6C392,2.21036E-06
Q6CDA8,7.87232E-06
Q6C5L9,3.84375E-07
Q6CAE0,8.80735E-06
Q6CEZ6,2.35341E-06
Q6C8I9,2.71569E-07
Q6C8X0,8.34413E-06
Q6C6W7,3.25147E-06
Q6CCW7,6.01055E-06
Q6C4I1,6.78942E-07
Q6C9I1,2.4316E-06
Q6CB02,5.47505E-06
Q6C1W0,2.06031E-06
Q6C0C2,5.76676E-06
Q6CFG7,2.85637E-06
Q6C1V5,5.32438E-06
Q6C2X2,7.12656E-06
Q6CHX1,6.23474E-06
Q6CDN5,7.91731E-06
Q6C8Y7,2.87847E-06
Q6C906,5.99423E-06
Q6CDS2,9.75475E-06
Q6C7V0,6.55855E-06
Q6C058,4.1174E-06
Q6CEW4,6.32406E-07
Q6CC28,3.67911E-06
Q6CF75,6.37017E-06
Q6C8C8,3.73106E-06
Q6C5W2,9.39902E-06
Q6CEF2,8.54721E-06
Q6CC42,2.62342E-06
Q6C3H3,9.4704E-06
Q6C355,2.87754E-06
Q6C5Y2,9.38268E-06
Q6CA26,1.56073E-07
Q6CBB7,1.53918E-06
Q6CD06,7.14315E-06
Q6C8H4,3.8853E-06
B5RSL5,7.32042E-07
Q6C0B6,1.2276E-06
Q6CGW8,4.94709E-06
Q6C6M1,9.49646E-07
Q6BZT0,2.04062E-06
Q6C201,4.54798E-06
Q6C0M9,4.46919E-06
Q6CAG2,6.16248E-06
Q6C2V9,1.40569E-06
Q6CBE8,1.7436E-06
Q6C5G0,4.30995E-06
Q6C615,8.69487E-06
Q6CGE6,2.23005E-06
Q6C7V7,5.8695E-06
Q6C280,4.82435E-06
Q6C4X3,4.51336E-06
Q6C942,7.802E-06
Q9B6D2,2.05281E-06
Q6C7N7,3.46894E-06
Q6CCB9,7.15263E-06
Q6C0L1,2.87351E-06
Q6CDI0,5.84026E-07
Q6C8E8,4.67468E-06
Q6C5T5,9.40785E-06
Q6CA19,4.42272E-07
Q6CGX5,5.69436E-06
Q6CAH6,3.16984E-06
Q6C7N9,1.0463E-07
Q6CES2,4.47768E-06
Q6C404,6.94475E-08
Q6C2V4,5.37792E-06
Q6C3N1,6.78218E-06
Q6CAM9,5.50356E-06
Q6C0M6,7.38988E-06
Q6CFT1,3.73807E-07
Q6C197,7.40616E-06
Q6CGE7,8.56477E-06
Q6C1Y1,9.94195E-06
Q6C4Q4,7.21614E-06
Q6CEL3,5.85412E-06
Q6C0I9,4.12246E-06
Q6CA89,5.34719E-06
Q6C5T9,4.32325E-06
Q6CI12,6.93882E-06
Q6C387,8.70548E-06
Q6C502,9.5701E-06
Q6CI01,5.80728E-06
Q6CBV0,3.02657E-06
Q6C831,3.74069E-06
Q6C6U9,5.98115E-06
Q6CAI4,3.58084E-06
Q6CDG8,7.83557E-07
Q6CGB5,4.18066E-07
Q6C0V8,5.32093E-07
Q6C9X3,2.93268E-06
Q6CD83,4.43772E-06
Q6CI49,3.74161E-06
Q6C2T5,8.1605E-06
Q6C5S0,6.46581E-06
Q6CG16,2.33774E-07
Q6CBL0,7.24752E-06
Q6CE24,5.56911E-06
Q6CHN0,9.47307E-06
Q6BZW7,8.66876E-06
Q6CF78,7.70707E-06
Q6C4W4,6.62797E-06
Q6CGC2,8.79795E-06
Q6CDY6,6.71382E-06
Q6C8A8,7.72369E-06
Q6CCG6,8.03533E-07
Q6CAX6,1.91889E-06
Q6CHZ4,7.77963E-06
Q6C3Z7,5.33308E-06
Q6C5R6,2.29398E-06
Q6C9S1,2.67136E-06
Q6CDS6,8.52985E-06
Q6CD92,8.21763E-06
Q6C630,7.2895E-06
Q6CI72,4.38654E-06
W0TYP3,9.05126E-06
Q6CBQ7,4.8407E-06
Q6C8Z5,4.42875E-06
Q6C2Z1,2.84038E-06
Q6CFW6,8.22947E-06
Q6C4T0,6.49214E-07
Q6C5A5,7.29415E-06
Q6C7E0,5.99451E-07
Q6C891,6.47301E-06
Q6C8L0,8.54209E-06
Q6CFS5,5.36058E-06
Q6C748,9.43302E-06
Q9B6D3,6.28965E-06
Q6C1K3,8.90741E-06
Q6CBZ0,7.35563E-06
Q6C1P3,5.65822E-06
Q6C296,3.36711E-06
Q6C223,9.45881E-06
Q6C1E2,1.53211E-06
Q6C7H1,2.77296E-06
Q6CFI9,5.71676E-06
Q6CD01,8.58454E-07
Q6C694,3.82381E-06
Q6C600,8.73947E-06
Q6CFC3,1.85462E-06
Q6CHQ3,9.657E-06
W0TYN3,9.01119E-06
Q6C2Q1,7.88009E-06
Q6CAE2,8.26631E-06
Q6C4U8,5.71102E-06
Q6CI68,4.21252E-06
Q6CCD4,1.17681E-06
Q6CCF6,2.61714E-06
Q6C3A0,7.08204E-06
Q6C038,6.09518E-06
Q6CC83,5.40391E-06
Q6C1C4,9.68155E-06
Q6CHX5,7.79402E-07
Q6CGQ0,4.29241E-06
Q6C7A9,5.22795E-06
Q6C8J1,7.54252E-06
Q6C8Y5,9.38131E-06
Q6CEZ2,9.31307E-06
Q6CA08,2.58783E-06
Q6C849,2.25762E-07
Q6C879,4.62057E-07
Q6CB33,4.70083E-07
Q6C835,7.42648E-06
Q6C2E2,6.99613E-06
Q6C5T8,6.11211E-06
Q6C6I2,9.84552E-06
Q6CFZ3,8.22847E-06
Q6C0S4,4.72419E-06
Q6C210,2.33198E-06
Q6CBB0,8.26751E-06
W0TYN8,1.74779E-06
Q6CF98,1.85935E-06
Q6CGT1,4.27983E-06
Q6C715,4.69541E-06
Q6C9R7,9.54322E-06
Q6C2C7,4.92951E-06
Q6C6I5,6.49497E-06
Q6CEH0,3.47996E-06
Q6CGP2,8.51421E-06
Q6C3T6,3.53678E-06
Q6C055,9.79162E-06
Q6CCV1,2.47627E-06
Q6C1K6,9.5318E-06
Q6CAC3,2.06199E-06
Q6CG19,5.09748E-06
Q6C6E8,7.00923E-06
Q6CHU5,4.58929E-06
Q6C746,5.34763E-06
Q6C537,2.9843E-06
Q6CD82,7.85874E-06
Q6C332,2.79392E-07
Q6C8I0,2.10316E-06
Q6C6P9,1.385E-06
Q6CAB8,9.71375E-06
Q6C318,6.95593E-06
Q6CES1,1.92459E-06
Q6C2L6,5.65559E-06
Q6CDQ5,5.27739E-06
Q6C4E1,9.9944E-06
Q6CEJ3,1.56524E-06
Q6CB87,1.11674E-08
Q6C3Y3,3.52783E-06
Q6CFU5,1.52161E-06
Q6CAP8,1.16998E-06
Q6CGB3,1.72761E-06
Q6CD72,4.04564E-06
Q6CH58,4.98466E-06
Q6CDW2,8.10477E-06
Q6C410,1.81372E-06
Q6C3L0,8.74922E-06
Q6C5Q5,2.04478E-06
Q6CFY7,7.92969E-06
B5FVE1,9.75468E-07
Q6C4B9,1.16508E-06
Q6C1B8,4.93546E-06
Q6CAE3,3.1972E-06
Q6CAY8,5.51758E-07
Q6C6V8,7.47993E-06
Q6CC12,6.03368E-06
Q6CH18,4.55357E-06
Q6CE74,9.67953E-07
Q6C1L3,7.41159E-06
Q6C3U0,6.02173E-06
Q6C5Y3,5.61567E-06
Q6CG88,2.51415E-06
Q6C2G8,3.13001E-07
Q6CEE4,5.99943E-06
B5RSJ9,4.64094E-06
Q6C8M6,5.36228E-06
Q6CDF4,2.14492E-06
Q6C9U5,7.74403E-06
Q6CBG2,2.9029E-06
Q6C552,3.10852E-06
Q6C784,5.59065E-06
Q6CBI0,3.08993E-06
Q6C419,6.20142E-06
Q6C187,6.3698E-06
Q6CBH7,4.66992E-06
Q6CH35,8.8246E-06
Q6C7Y9,3.74787E-06
F2Z6C2,8.28149E-06
Q6C5I4,3.62972E-06
Q6C862,9.26215E-06
Q6CCJ8,4.4157E-06
Q6CBX9,8.22354E-06
Q6C4P8,4.00697E-06
Q6C1Q2,5.28165E-06
Q6CHK8,1.00314E-06
Q6C1W7,1.05313E-06
Q6C351,9.64148E-06
Q6C9H4,7.47258E-06
Q6CHK1,3.28515E-06
Q6C106,4.92813E-06
Q6C1J0,4.57286E-07
Q6CAU4,4.07544E-06
Q6CFB7,5.9176E-06
B5FVB8,1.34993E-06
Q6CHE8,9.76047E-06
Q6CAY4,7.58607E-06
Q6C6D4,4.64429E-06
Q6C670,3.09137E-06
Q6CE12,1.00948E-06
Q6C704,4.92105E-06
Q6CAC9,2.07151E-06
Q6CHD4,1.27083E-07
Q6C0F0,6.90424E-06
Q6CB91,7.64941E-06
Q6C4N2,4.30142E-06
Q6CBY3,1.36444E-06
Q6CD60,1.67083E-06
Q6CBP6,7.51262E-06
Q6CE53,2.84583E-06
Q6CE41,3.54885E-07
Q6CAS7,3.28194E-06
Q6C0N7,6.59776E-06
B5FVG0,8.45517E-06
Q6CAR4,5.26638E-06
Q6CB23,6.6443E-06
Q6CFN9,9.63585E-08
Q6CDR2,2.05429E-07
Q6CF94,9.09242E-06
Q6CCF4,4.06531E-06
Q6CCB7,6.75562E-06
Q6C9Q1,7.83402E-06
Q6CHB4,5.54901E-06
Q6CEG8,7.37186E-06
Q6CEC1,1.49286E-06
Q6C3Z3,2.97862E-06
Q6CHW0,8.65859E-06
Q6CFS1,6.21097E-06
Q6CC22,1.31587E-06
Q6C562,7.61434E-06
Q6C1F7,7.73015E-06
F7UI83,5.81067E-06
Q6BZW4,2.6514E-06
Q6C3A2,2.51072E-06
Q6CBX8,2.18793E-06
Q6CA20,1.27382E-06
Q6C780,7.94382E-06
Q6C9W9,1.30532E-06
Q6CI37,3.74422E-06
P09379,4.60683E-06
Q6CI86,8.31783E-07
Q6C040,9.78723E-06
Q6C5G2,5.09256E-06
Q6C7J8,3.8747E-06
Q6C347,9.77316E-07
Q6C1W9,2.49297E-06
Q6C7A0,6.88798E-06
Q6C394,1.37304E-06
Q6CD16,4.7267E-07
Q6C2N3,6.32103E-06
Q6CFL6,9.73057E-07
Q6CD25,6.78937E-06
Q6CHS6,9.30634E-06
Q6BZS5,5.39461E-06
Q6C4T8,8.1E-06
Q6C778,6.58804E-06
Q6C989,6.95581E-06
Q6C8D7,3.563E-06
Q6C0X5,2.43011E-06
Q6CAP4,8.43297E-07
Q6CD79,9.40722E-06
Q6C6D1,9.7088E-06
Q6CAB2,3.10921E-06
Q6C0K1,9.40301E-06
Q6C2U7,6.67743E-06
Q6C9N9,6.46137E-07
Q6C4I8,6.24276E-06
Q6C9J2,7.38289E-06
Q6C565,3.65264E-09
Q6C444,5.79491E-06
Q6CA67,2.88998E-06
F2Z620,8.42702E-06
Q6CAD1,4.3668E-07
Q6C5B8,3.38366E-06
Q6C2C3,9.18633E-06
Q6C5X0,1.21493E-06
Q6CA98,7.51686E-06
Q6C5Z1,1.01722E-06
Q6CDX8,1.61267E-06
Q6CEZ1,6.37011E-06
Q6C1B7,6.87776E-08
Q6C9U0,7.21654E-06
Q6CFL5,2.41925E-06
F2Z675,4.1255E-06
Q6C9A3,8.57523E-06
Q6CCS2,6.3826E-06
Q6CH03,6.92258E-06
Q6CDP5,9.03606E-06
Q6CE52,4.90334E-06
Q6C6S6,1.81581E-07
P35527,8.93686E-06
Q6C9M9,4.44103E-06
Q6C449,4.46271E-07
Q6CF57,1.60298E-06
Q6C605,3.11758E-06
Q6CCV0,1.33774E-06
Q6C6Z5,7.69734E-06
Q6CBD6,4.65544E-06
Q9B6E5,8.38038E-07
Q6CE50,5.66284E-06
Q6CC41,3.44119E-06
Q6CCD8,6.75932E-06
Q6CFA9,8.49237E-06
Q6C6W6,2.83852E-06
Q6C443,2.09521E-06
Q6CCZ5,1.53851E-06
Q6C8L8,4.32291E-06
Q6CA29,4.78068E-06
Q6C607,8.51687E-08
F2Z630,2.56509E-06
Q6C047,9.24416E-06
Q6C776,8.75635E-06
Q6CEV8,5.81217E-06
Q6CF99,7.14768E-06
Q6C1Y0,2.99444E-06
Q6C5X3,5.57464E-06
Q6C0A0,5.66804E-06
Q6CEL0,4.27114E-06
Q6CCJ5,4.23667E-06
Q6CHJ6,4.0926E-07
Q6CGQ5,5.61455E-06
Q6CHJ8,6.00283E-06
Q6CHM9,2.88985E-06
Q6CB64,4.57359E-06
Q6CCR8,9.61079E-06
Q6CEN7,3.91057E-06
Q6C125,3.27353E-06
Q6C8H0,6.65871E-06
Q6CG08,5.80288E-06
Q6C7L6,1.33493E-07
Q6CFU3,2.27598E-06
Q6C472,1.31865E-06
Q6C3M1,2.84666E-06
Q6CDC3,6.49861E-06
Q6C7E4,3.67141E-06
Q6CEC9,8.79834E-06
Q6C219,2.48228E-06
Q6CBK2,7.76515E-06
Q6C3N0,2.68209E-06
Q6C372,6.82971E-06
Q6C3Q7,6.12389E-06
Q6CI35,9.49301E-06
Q6C688,3.64007E-06
Q6C6U2,9.05545E-06
Q6C875,8.81258E-06
Q6C370,8.25907E-06
Q6CHN5,6.49159E-06
F2Z5Z3,9.09919E-06
Q6C9A1,4.80157E-06
Q6C3I0,4.83977E-06
Q6C363,8.43373E-06
Q6C5E1,3.37966E-06
Q6C722,6.4545E-06
Q6CFL1,6.76538E-06
Q6C007,3.63196E-06
Q6C669,2.21451E-06
Q6C3U6,5.08577E-06
Q6C5M3,8.82747E-06
Q6BZS2,2.75244E-06
Q6C0Y3,3.82642E-06
Q6C1L2,4.40721E-06
Q6C7X7,4.49517E-06
Q6CBS2,6.01618E-08
Q6C9D7,4.85878E-06
Q6CAV7,2.56206E-06
Q6CBH2,1.20253E-06
Q6BZZ7,2.29017E-06
Q6C2Q7,3.24744E-06
Q6CEM1,1.14088E-06
Q6C8N3,6.3468E-06
Q6C8C9,4.67361E-06
Q6CE54,5.4559E-06
Q6CHA2,2.83478E-06
Q6CI07,1.36054E-06
Q6BZT4,3.19435E-06
Q6C4A3,6.02285E-07
Q6CFL7,5.2962E-06
Q6CCS9,8.50316E-06
Q6CG44,6.10305E-07
Q6C1W6,5.03397E-07
Q6C6A8,2.88109E-06
Q6C7V2,2.30287E-06
Q6CFF9,5.48948E-06
Q6CAH4,1.62628E-06
Q6CFA5,5.7657E-06
Q6C796,8.32237E-06
Q6C3Q4,6.30125E-06
Q6CDP4,8.36343E-06
Q6CAZ9,5.10573E-06
Q6C7A3,3.14518E-08
Q6C2T6,3.09771E-06
Q6C6S9,8.36551E-06
Q6CI04,4.94491E-06
Q6CA04,2.58417E-06
Q6C7I1,5.19828E-06
Q6CDL3,2.93332E-07
Q6C566,7.62944E-06
Q6C2F0,4.61988E-06
Q6C5T3,5.71776E-06
Q6C0J0,1.22972E-06
Q6C0M4,6.97325E-06
Q6C5H3,5.32433E-07
Q6C3P3,7.55687E-06
Q6C972,7.03996E-07
Q6C9V0,5.69972E-06
Q6CGV3,4.38012E-06
Q6C131,8.44422E-06
Q6C2C2,8.9301E-06
Q6CDV2,3.49724E-06
Q6C501,2.19609E-07
Q6C7K2,8.06233E-06
Q6C1R3,1.21719E-07
Q6C7S5,4.87177E-06
Q6CGX8,2.85761E-06
Q6C8D3,9.17881E-06
F2Z6C9,3.09589E-06
Q6C1T6,4.39046E-06
Q6CF27,5.72644E-06
Q6CBJ9,1.15806E-06
Q6CGA1,9.10994E-06
Q6CAJ5,6.19743E-06
B5FVG9,6.30179E-06
Q6CB63,6.25726E-06
Q6C2L8,3.58634E-07
Q6C689,8.50606E-06
Q6CDF7,1.91303E-06
Q6C807,1.74169E-06
Q6C6X5,4.60687E-06
Q6C0R6,3.97833E-06
Q6C0I3,4.92747E-06
Q6C260,3.88659E-06
Q6C2Z7,1.51872E-06
Q6CE96,2.17902E-06
W0TYM7,8.70409E-06
Q6C2E1,6.79276E-06
Q6CCU5,2.6847E-06
Q6CHE1,9.26278E-06
Q6CH27,2.17842E-06
Q6C102,5.71315E-06
Q6CEE6,4.97564E-06
Q6CFU4,4.48436E-06
Q6CFT3,5.01447E-06
Q6CBH0,2.63478E-06
Q6CH23,6.62871E-07
W0TYM4,8.30908E-06
Q6CDN3,6.54762E-06
Q6C905,5.51026E-06
Q6C435,8.82053E-06
Q6C9V6,1.09783E-06
Q6CH20,9.26147E-06
Q6C665,3.14489E-06
B5RSK7,6.7911E-06
Q6C3T3,2.25011E-06
Q6C089,3.6661E-06
Q6C8W8,4.2987E-06
Q6CBB9,9.30695E-06
Q6CDA2,9.34736E-07
Q6C4A6,4.9942E-06
Q6CC10,5.91682E-06
Q6C9Q3,7.83686E-06
Q6C794,8.49908E-06
Q6CBR0,1.59119E-06
Q6C610,8.08682E-06
Q6CD84,7.62317E-06
Q6CFB1,1.5482E-06
Q6CFY4,5.38077E-06
Q6CFT6,8.27208E-06
Q6CBW3,5.96954E-06
Q6C366,4.91336E-07
B5FVG1,1.05687E-06
Q6C0P8,9.31105E-07
Q6C0S6,5.07866E-06
Q6CC70,4.47763E-06
Q7Z794,7.14507E-06
Q6C8T2,2.98676E-06
Q6C9J3,1.30471E-06
Q6CEI2,9.76011E-06
Q6C1I1,1.94271E-06
Q6C2U0,3.53664E-06
Q6CD97,4.28066E-07
Q6C2Y8,1.89401E-06
Q6CC57,7.71737E-07
Q6CCA8,5.61564E-06
Q6C4D5,5.27444E-06
Q6C811,8.52363E-06
Q6C6J7,9.10018E-07
Q6CG79,4.75999E-06
Q6CEQ5,6.93191E-07
Q6C417,2.87312E-06
Q6C7R8,4.57917E-06
Q6CA41,3.50683E-06
Q6C2C8,1.0307E-06
Q6CG74,1.69842E-07
Q6CF23,9.43122E-06
Q6C037,6.09507E-06
Q6CHQ2,7.37352E-06
Q6CG90,4.26889E-06
Q6C1K4,6.84517E-06
Q6C2D3,7.75176E-06
Q6BZR4,6.77087E-06
Q6CFL8,6.50295E-06
Q6CAN2,5.48855E-06
Q6C7R2,9.32809E-06
Q6C412,1.78829E-06
Q6CEB7,8.67904E-06
Q6CFG4,2.23378E-06
Q6C990,4.1686E-07
Q6BZP4,7.14749E-06
Q6BZV4,7.22939E-06
Q6C542,2.44078E-06
Q6CDX0,5.42203E-06
Q6CA11,7.70821E-06
Q6C0S5,4.46955E-06
Q6CHP0,3.3407E-06
Q6CG56,8.45757E-06
Q6C7P2,2.44673E-06
Q6CA88,6.05929E-06
Q6C4W7,9.90041E-06
Q6C5Q3,4.80351E-06
Q6C803,4.10821E-06
Q6C6J1,2.78072E-06
Q6C5T7,1.08508E-06
Q6BZS8,3.27081E-06
Q6C4K1,7.94345E-06
Q6CG15,5.23948E-06
Q6C509,3.92201E-06
Q6CG11,9.45953E-06
Q6C8I1,2.91289E-06
Q6CD77,8.64074E-06
Q6C5B6,9.47667E-07
Q6C927,4.70752E-06
Q6C6B4,5.40573E-06
Q6CEJ2,6.82188E-06
Q6C5Q1,7.25884E-06
Q6CHH9,6.43775E-06
Q6CC99,3.74443E-06
Q6CHV5,5.43683E-06
Q6C468,3.19705E-06
Q6CI57,9.94102E-06
Q6C3U2,5.9612E-06
Q6C8H6,2.61356E-06
Q6CBS9,5.5815E-06
Q6C767,6.43041E-06
Q6C8F2,7.64613E-06
Q6C9T3,5.14728E-06
Q6CBJ8,8.03985E-06
Q6CDR4,4.01372E-06
Q6C1R9,9.45031E-06
Q6C9J1,1.63418E-07
Q6CB30,4.25562E-06
Q6C5Z2,7.42018E-06
Q6CEU1,9.53762E-06
Q6C6R8,2.6329E-06
Q6C673,2.0647E-06
Q6CD86,8.54913E-06
Q96VC9,6.71052E-06
Q6C4K3,5.86687E-06
Q6C0I6,1.9133E-06
B5FVF6,6.47442E-06
Q6C103,6.87879E-06
Q6C5D3,9.42719E-06
Q6CHB3,2.25151E-07
Q6C1J1,8.45811E-06
B5RSJ8,6.66148E-06
Q6CFQ4,3.05695E-06
P78979,2.68315E-06
Q6CGC1,5.66892E-06
Q6C2H6,9.47992E-06
Q6C5V8,4.92363E-07
Q6C621,5.0691E-06
Q6CGG4,8.36517E-06
Q6C450,6.0561E-06
Q6C175,3.95003E-06
Q6C173,6.40845E-06
Q6C721,2.46151E-06
Q6C395,6.01313E-06
Q6C6S7,9.13793E-06
Q6CFN7,8.65192E-06
Q6C6H7,1.76127E-06
Q6C7J9,2.34591E-06
Q6C888,4.48567E-06
Q6CEB2,1.69015E-06
Q6C805,6.7369E-06
Q6C4X6,1.4463E-06
Q6C1F0,9.41154E-06
Q6C7X8,5.08941E-06
Q6C883,3.65359E-06
Q6C433,1.87012E-06
Q6CEB0,2.92676E-07
Q6C907,8.4587E-06
Q6C2P3,6.90992E-06
Q6CAB6,3.88998E-07
Q6C8B1,6.25195E-06
P13645,7.21751E-06
Q6CFT5,6.99121E-06
Q6C2D0,4.91683E-06
Q6C0P3,3.82506E-06
Q6C0S1,3.16366E-06
Q6CF87,5.00221E-06
Q6CAX5,9.30118E-06
Q6C7A4,9.38974E-06
Q6BZX5,5.1057E-06
Q6C1J7,2.89026E-06
Q6C0X2,2.91453E-07
Q6CC37,7.62352E-06
B5RSM3,5.04659E-06
Q6CDY9,7.00639E-06
Q6C1B9,9.2576E-06
Q6C8P7,3.26358E-06
Q6BZW1,3.38312E-06
Q6C4P5,5.87982E-06
Q6C9A0,1.65252E-06
Q6C662,4.6734E-06
Q6BZZ4,4.33729E-06
Q6C690,1.41102E-06
Q6CEE5,6.38692E-07
Q6C1X0,2.78985E-06
Q6C1D4,2.25118E-06
Q6C4C4,6.30606E-06
F2Z686,6.05271E-06
Q6C6T3,8.73278E-06
Q9B6D5,1.80335E-06
Q6CI78,5.8235E-06
Q6CAG5,1.91762E-06
Q6CF93,6.68757E-06
Q6C1G7,4.1224E-06
Q6CC43,4.08248E-06
Q6C7P6,2.49921E-06
Q6C9Z1,3.82979E-07
B5RSK2,4.78206E-06
Q6C0U5,8.71867E-06
Q6C4P4,2.40308E-06
Q6CHU3,5.86852E-06
Q6C7M5,4.13151E-07
Q6C6U0,7.98243E-06
Q6C5J1,6.4381E-06
Q6CHK2,1.04816E-06
Q6C873,6.44606E-06
Q6C631,1.98794E-06
Q6C154,7.66799E-06
Q6CBW7,7.23174E-06
B5RSK9,2.22372E-06
Q6C8A4,2.78275E-06
Q6BZQ9,4.96772E-06
Q6C1C8,6.94468E-06
Q6C5A1,8.87929E-06
Q6C3G5,8.99558E-06
Q6C9G2,6.89234E-06
Q6C517,6.22231E-06
Q6CDN6,9.12853E-06
Q6C5X7,4.91715E-06
Q6CA90,9.30171E-06
Q6C8S5,5.81277E-06
Q6C7M7,8.20604E-06
Q6C199,6.58146E-07
Q6C705,1.46331E-06
B5FVE3,9.65653E-06
Q6C3J1,4.20977E-06
Q6CAX2,7.49666E-06
Q6CD36,9.96569E-08
Q6C1U0,8.91504E-06
Q6C653,3.50585E-07
Q6C172,4.62866E-06
Q6C8W4,5.67081E-06
Q6C973,6.43181E-06
Q6C279,4.30695E-06
Q6C1Q8,3.30222E-06
Q6C2M6,4.83839E-06
Q6C4X1,8.05464E-06
Q6C046,6.01179E-06
Q6C5D8,3.90462E-06
Q6C8Y4,9.60147E-07
Q6CBQ8,3.36194E-06
Q6C7A7,6.61452E-06
Q6C1K9,2.08163E-06
Q6CCZ6,4.95294E-06
Q6C647,1.05586E-06
Q6CFM7,2.38311E-06
Q6C8F7,3.7791E-06
Q6CCH4,8.55291E-06
Q6CEB4,1.06889E-06
Q6C331,6.94222E-06
Q6CE72,1.75172E-06
Q6C5R5,1.72889E-06
Q6CF80,3.49785E-06
Q6C071,9.5318E-06
Q6C6I6,1.01216E-07
Q6CI80,7.28646E-06
Q6C206,1.60742E-06
Q6CG89,6.38483E-06
Q6C5W3,9.08468E-06
Q6C325,4.9925E-06
Q6CG81,7.53898E-06
Q6CEH1,5.04807E-06
Q6CED9,2.52687E-06
Q6BZP5,8.20964E-06
Q6CA94,5.64227E-06
Q6C0T2,7.93656E-06
Q6C4B7,8.99873E-06
Q6C2N1,1.59379E-06
Q6CA05,3.12266E-06
Q6BZV1,7.01484E-06
Q6C3X8,6.97964E-06
Q6C666,3.13923E-06
Q6CDQ3,5.31801E-06
Q6C1H7,7.1831E-06
Q6CF76,7.16945E-06
Q6CDH2,2.16873E-06
Q6CEK7,1.20655E-07
Q6CG54,7.35172E-07
Q6CH56,9.55155E-06
Q6C8Q2,2.78379E-06
Q6C6G7,9.72623E-06
Q6CF19,4.52573E-06
Q6CDS0,1.87424E-06
Q6CEP7,4.09414E-06
Q6C275,5.09713E-06
Q6C966,7.89424E-06
Q6C5W0,5.85158E-06
Q6CFL2,6.25924E-06
Q6CBA7,4.73971E-06
Q6C098,4.93605E-06
Q6CGI8,1.85248E-06
Q6CEY9,5.11769E-07
Q6CC84,3.57564E-06
Q6CI05,1.98635E-06
Q6C292,9.94056E-06
Q6CF18,9.09701E-07
Q6C095,6.17642E-06
Q6CBB8,3.84756E-06
Q6C5K1,2.56403E-06
Q6C5B4,8.76473E-06
Q6CBL1,8.97382E-06
Q6CAM0,8.44103E-06
Q6C935,3.55941E-06
Q6C1N6,7.05678E-06
Q6C754,8.37866E-06
Q6C4I0,9.78255E-06
Q6CDL9,4.72509E-06
Q6C7C9,3.96888E-06
Q6C453,5.79836E-06
Q6C7Q4,3.14723E-06
Q6C0W2,5.137E-06
Q6CC56,3.85062E-06
Q6CDR5,2.97905E-08
Q6C3J3,1.51767E-06
Q6C110,6.84543E-06
Q6CBH3,6.16405E-06
B5FVB1,9.10694E-06
Q6C4P3,9.7522E-06
Q6CC34,9.68034E-06
Q6CEX3,4.80507E-08
Q6C9H2,1.77436E-06
Q6BZW6,2.65027E-06
Q6CB88,8.32065E-06
Q6CAK5,4.61475E-06
Q6CAT3,8.35986E-06
Q6CDN8,1.00901E-06
Q6C1C1,1.22414E-06
Q6C5P8,7.86988E-06
Q6CEM0,7.66181E-06
Q6CGA2,4.40538E-06
Q6C4S6,9.53813E-06
Q6CF61,2.36166E-06
Q6C309,4.49567E-06
Q6CHE6,6.14915E-06
Q6CEG2,8.1033E-06
Q6CE84,8.84817E-06
Q6C9W0,5.26756E-06
Q6CAD6,7.35959E-06
Q6C804,4.67008E-06
Q6C4L0,7.2992E-06
B5RSL7,1.67995E-06
Q6C341,6.37262E-06
Q6CH22,5.8897E-06
Q6CAJ1,5.01254E-06
Q6CC35,7.3814E-06
B5FVB6,2.39164E-06
Q6CGN0,6.57812E-08
Q6C0P0,9.42967E-07
Q6C0V2,1.37948E-06
Q6C6E6,3.47018E-06
Q6C077,9.71179E-07
Q6CGU5,2.74172E-06
Q6C806,8.82936E-06
Q6C5Q9,7.8611E-06
Q6C4Z2,2.8347E-06
Q6CBU8,4.38665E-06
Q6CEX7,9.95011E-06
B5RSL0,1.20128E-06
Q6C8N4,2.72345E-06
Q6C957,9.64399E-06
Q6C2T4,2.00526E-06
Q6C7Y5,1.25073E-06
Q6CGB7,4.72574E-06
Q6C2P5,6.6109E-06
O74935,2.88352E-06
Q6C1E6,8.93513E-06
Q6C4T1,9.79245E-06
Q6C9X0,6.51417E-08
B5FVG2,8.2583E-06
Q6C0P6,9.85274E-06
Q6CDA0,1.40035E-06
Q6C1N3,5.71265E-06
Q6C1M7,5.56686E-06
Q6C3S0,6.70015E-06
Q6C339,6.08191E-06
Q6C650,1.2293E-07
Q6C0U1,1.19838E-06
Q6C6T5,1.26399E-06
Q6C8W1,4.42357E-06
B5FVG5,2.41108E-06
Q6C2S9,4.26728E-06
Q6C949,8.75462E-07
Q6C658,4.37553E-06
Q6C7Q3,7.77981E-06
Q6C3K3,9.67297E-06
Q6CEA1,8.44498E-06
Q6CFG6,9.6079E-06
Q6CBT0,5.09967E-06
Q6CF67,9.71981E-07
Q6C353,5.57389E-06
Q6C525,6.02536E-06
Q6C1N9,5.09798E-06
Q6CFL9,4.16231E-07
Q28107,7.94053E-06
Q6C7K5,2.35344E-07
Q6CBI8,4.71316E-06
Q6C5A3,3.42001E-06
Q6CFN8,6.42019E-06
Q6C946,3.95218E-06
Q6CF05,1.97847E-06
Q6C5J7,7.74718E-06
Q6BZX3,5.2034E-06
Q6C3R6,7.23803E-06
Q6C8Z0,1.89356E-06
Q6C6V9,2.89447E-06
B5FVD3,7.29609E-06
Q6C2H5,6.70436E-06
Q6C1Y6,7.16998E-06
Q6CAL1,7.53704E-07
Q6C2M1,2.04641E-08
Q6C5K5,9.3212E-06
Q6CEN5,6.89414E-06
Q6C8J9,8.70493E-06
Q6CDR7,3.49332E-06
Q6C1Y4,5.12774E-06
Q6CE85,7.61258E-06
Q6CFF2,1.33507E-06
Q6C9I6,7.75393E-06
F2Z6D7,1.23454E-06
Q6CFP4,7.04642E-07
Q12724,2.45868E-06
Q6C8H9,4.2804E-06
Q6C6C3,5.44161E-06
Q6CBW8,9.67326E-06
Q6C6E4,4.26255E-06
Q6CEG9,8.98788E-06
Q6C872,3.02682E-07
B5RSK3,2.28823E-06
Q6C9N2,7.14457E-07
Q6CG45,8.06429E-06
Q6CDJ5,1.0637E-06
Q6CEK4,4.97655E-06
Q6C160,7.93388E-06
Q6C196,3.09915E-06
Q6C830,8.64828E-07
Q6CFW9,4.57146E-06
Q6C120,8.2286E-06
Q6C8H2,9.58603E-06
Q6CFK9,2.6188E-06
Q6C828,7.44548E-06
Q6CBU4,3.92359E-06
Q6BZQ3,1.26755E-06
Q6C2I7,4.43558E-06
Q6CG13,8.14908E-06
Q6CDV5,5.62082E-06
Q6C9K5,5.44421E-06
Q6CCS8,2.46298E-06
Q6CB51,2.72164E-06
Q6C7E2,8.70977E-06
Q6C2Y7,5.50529E-06
Q6CAZ0,9.90581E-06
Q6C258,3.89747E-06
Q6C356,7.35951E-06
Q6C3V7,9.32491E-06
Q6CEE7,2.63057E-06
Q6C2G9,8.5406E-06
Q6C005,2.22482E-06
Q6C0U8,3.55496E-06
Q6CB53,3.80319E-06
Q6C526,2.45122E-06
Q6C7P8,1.21727E-06
Q6CBM6,9.25037E-06
Q6C8Z3,5.62266E-06
Q6C2P8,7.52784E-06
Q6CAG7,1.83101E-07
Q6CB38,8.25199E-06
Q6CAR5,5.96355E-07
Q6CGM2,4.23321E-06
Q6CGE0,7.26907E-06
Q6C2Y6,5.16905E-06
Q6CDX5,1.58442E-06
Q6C061,2.3698E-06
Q6C3R8,7.22892E-06
Q6CFI8,1.85267E-06
Q6CHP1,5.51255E-06
Q6C6Y9,8.23097E-06
Q6CAE9,2.18682E-06
Q6CB55,1.24703E-06
Q6C6R0,5.42641E-06
Q6C730,9.86409E-06
Q6C7L9,3.37683E-06
Q6C3F1,1.93591E-06
Q6CCS5,1.89786E-06
Q6C908,5.85053E-06
Q6CDV8,5.243E-06
Q6CE07,5.23721E-06
Q6CAB0,3.56345E-06
B5FVE6,1.05427E-06
Q6CEV9,7.45918E-06
Q6CA82,6.39412E-06
Q6CAR7,7.05533E-06
Q6C6P6,6.2907E-06
B5FVD0,6.67235E-06
Q6C9B4,8.27821E-06
B5FVH9,5.4732E-06
Q6C8K9,9.52755E-06
Q6C1D0,8.87815E-06
Q6C6X0,2.26357E-06
Q6C6D8,8.19615E-06
Q6CHE3,1.19572E-06
Q6CAL0,3.7845E-06
Q6C7K1,9.03402E-07
Q6CB89,3.8322E-06
Q6C240,8.31431E-06
Q6C490,2.96938E-06
Q6C2U5,9.43892E-07
Q6C484,7.40826E-06
Q6C782,6.12215E-06
Q6CGN4,5.47722E-06
Q6C1R7,9.40385E-06
Q6CFD4,2.35928E-06
Q6CHZ8,6.14227E-06
Q6C278,9.23439E-06
Q6CFP0,7.76446E-06
Q6C817,2.19952E-06
Q6CAL7,7.6288E-06
Q6CD69,6.80928E-06
Q6C0B4,7.04398E-06
Q6C950,7.89556E-06
Q6C6V4,7.84783E-06
Q6C7U5,8.30801E-08
Q6CHB1,1.83447E-06
Q6CD93,7.81362E-06
F2Z640,3.77967E-06
Q6C2Q6,8.59601E-06
Q6CEI8,6.43727E-06
Q6CCU3,6.29712E-06
Q6CCB1,2.31188E-06
Q6CD41,1.68667E-06
Q6C5G5,2.54487E-06
Q6C7K6,7.18863E-06
Q6CE08,4.87771E-07
Q6C3P8,1.33646E-06
Q6CBD5,1.58185E-07
Q6C4V4,3.21696E-06
Q6C1V8,1.78261E-06
Q6CF55,1.99633E-08
Q6CHY5,2.58372E-06
Q6CD73,8.59463E-06
Q6C4Z7,1.45903E-06
Q6CAH1,9.19522E-06
Q6CDL8,3.84922E-06
Q6C6D2,9.74603E-07
Q6CDS3,9.31401E-06
Q6CDC5,1.2508E-06
Q6C3N7,3.38961E-06
Q6C3W1,8.25998E-06
Q6C6V2,7.17484E-06
Q6C4M9,1.27441E-06
Q6C4L7,5.15382E-06
Q6C254,2.41404E-06
Q6CHF9,2.43496E-06
Q6C0X4,7.06526E-06
Q6CHR4,8.51206E-06
Q6CC54,6.87957E-06
Q6C126,9.44704E-06
Q6CAV3,5.38655E-06
Q6CHX0,5.17356E-06
Q6BZR5,6.96663E-06
Q6CAF5,9.74513E-06
Q6CDT5,2.71592E-06
Q6CC39,2.65854E-06
B5RSK5,4.21283E-07
Q6CH36,4.15885E-06
Q6CBY1,4.64644E-06
Q6CA53,2.66217E-06
Q6C272,3.79239E-06
Q6C0E2,3.15743E-06
Q6CEN2,7.19658E-06
Q6C4W1,1.56171E-06
Q6BZY3,8.33908E-07
F2Z619,4.541E-06
Q6CBS3,8.85868E-06
Q6C521,7.13172E-06
Q6C8K4,8.6716E-06
Q6CDW0,8.78105E-06
Q6CG61,5.78865E-07
Q6CCM8,7.38742E-06
Q6CB14,5.13788E-06
Q6C3W6,1.14756E-06
Q6C0Y2,1.85405E-06
Q6C4I9,2.02928E-06
Q6CCW2,7.59602E-06
Q6C0A6,5.24667E-07
Q6CF62,5.67541E-06
Q6C945,3.26954E-06
Q6C6L0,2.97052E-06
Q6CI09,8.52952E-06
Q6C7J7,1.00863E-06
Q6C930,7.49933E-06
Q6CBP2,3.31264E-06
Q6C195,6.72953E-06
Q6CI87,7.97209E-06
Q6CDX6,4.83869E-06
F2Z678,4.63898E-08
Q6C7S3,5.80085E-06
Q6CGM8,3.33352E-06
Q6C359,3.04821E-06
Q6CDN9,5.99279E-06
Q3V7I4,2.32388E-06
Q6CCF2,7.02904E-06
Q6CAL4,1.84004E-06
Q6C5S3,8.22405E-07
Q6C0B0,7.35179E-06
Q6C6B9,7.3917E-06
Q6CE46,5.13191E-06
Q6C4D6,4.55403E-06
Q6CEF7,8.79966E-06
Q6CGI3,8.23715E-06
Q6C7H6,2.29646E-06
P04264,9.45839E-06
Q6C2W3,8.85633E-06
Q6CDA7,1.93408E-06
Q6C963,9.88826E-06
Q6CFF6,2.5574E-07
Q6C3Q0,3.17813E-06
Q6CIA1,5.17656E-06
Q6C0Q9,3.75326E-06
Q6C3E5,5.60886E-06
Q6C5K3,6.07135E-06
Q6CDG1,6.87757E-06
Q6C9L9,2.56366E-06
Q6C8V2,9.66661E-06
Q6C1F6,3.21663E-06
Q6C5V6,7.31116E-06
Q6C9W7,7.25172E-06
Q6C987,3.35655E-06
Q6C0W3,4.48852E-07
F2Z626,6.99801E-06
Q6CE38,3.02905E-06
Q6C2F3,5.46327E-06
Q6C1E0,5.50045E-07
Q6C6P7,7.32935E-06
Q6C207,1.26502E-06
Q6CGK3,3.69241E-06
Q6C1V9,3.19241E-06
P41929,4.6798E-06
Q6CA27,1.31037E-06
Q6C874,8.57977E-07
Q6C503,8.03652E-06
B5RSJ5,2.23072E-06
Q6C3S5,8.4235E-07
Q6CHE9,8.16366E-06
Q6CBA5,3.67904E-07
Q6CA86,9.90555E-07
Q6C1N0,3.34177E-06
Q6C191,2.95419E-07
Q6C176,5.01038E-06
Q6C4H2,5.47459E-06
Q6CFT4,9.04716E-07
Q6C2H2,9.50328E-06
Q6CC79,3.90727E-06
Q6C5A6,2.87997E-07
Q6C8Z2,7.45216E-06
Q6C406,3.89368E-06
Q6CBQ3,5.99942E-06
Q6C5W6,8.09604E-06
Q6C157,9.26133E-06
Q6C9C4,8.68497E-06
F2Z5Z4,6.45371E-06
Q6CAF4,7.68577E-06
Q6CEG1,2.1567E-06
Q6CGL9,5.94982E-06
Q6CDL7,3.90564E-06
Q6C6L7,7.58045E-06
Q6CHP3,1.51448E-06
Q6C7V8,7.22116E-06
Q6C1I6,9.53671E-07
Q6C820,2.72446E-06
Q99161,2.84631E-06
Q6C3P0,1.27484E-06
Q6C9C2,3.27063E-07
Q6CDE2,8.2792E-06
Q6C004,4.37338E-06
F2Z673,4.73734E-06
Q6CFJ0,6.15099E-07
B5FVG3,1.94819E-07
Q6C8T8,1.18769E-06
Q6CDZ0,1.80299E-06
Q6C7I5,4.2027E-06
Q6C3Z6,1.31069E-06
Q6CB76,6.9166E-06
Q6CER7,5.09398E-06
Q6C5Q8,6.72884E-06
Q6C516,4.78377E-06
Q6CAP0,6.98475E-06
Q6CC71,6.22722E-06
Q6C763,8.22173E-06
Q6C0V4,4.26701E-06
B5FVE5,9.56847E-06
Q6CGB4,9.85382E-06
Q6C8T4,3.35264E-07
Q6C2N2,8.93366E-06
Q6C3L3,7.65798E-06
Q6C161,2.22245E-06
Q6BZU8,8.32848E-06
Q6C202,5.6768E-07
Q6CI60,1.39977E-06
Q6CDP7,1.08744E-06
Q6C881,5.79801E-06
P78978,6.26138E-06
Q6CGV9,3.98498E-06
Q6CFD9,8.18499E-06
Q6C5Q6,6.20584E-06
Q6CCB3,2.10598E-06
Q6CHY6,7.64113E-06
Q6CC93,2.01546E-06
Q6C3S2,4.6869E-06
F2Z6D3,6.93284E-07
Q6C368,4.35431E-06
Q6CCL9,5.55949E-06
Q6CGI9,6.10993E-06
Q6CH16,7.18875E-06
Q6C676,7.34967E-07
Q6BZY1,4.88829E-07
Q6C928,8.23768E-07
Q6C2I0,9.86087E-06
Q6C1J3,5.48982E-06
B5FVB9,5.39288E-06
Q6C036,3.33906E-06
Q6CD74,5.03384E-06
Q6C9T4,6.73809E-06
Q6CI17,2.70742E-06
Q6C643,4.00602E-06
Q6CAK0,9.00461E-06
Q6C7L2,6.47643E-06
Q6C6Q6,7.29749E-07
Q6CCG7,5.42737E-06
Q6C2X4,7.81473E-06
Q6C9V7,4.50551E-06
P36966,2.6578E-06
Q6CAS0,9.55633E-07
Q6CF20,1.65191E-07
B5U8Q6,6.33147E-07
Q6CEH8,1.95118E-06
Q6C6V5,5.55121E-06
Q6C034,8.29293E-06
Q6CFB0,3.18989E-06
Q6CG73,3.56008E-06
Q6CED1,6.00034E-06
Q6C0D2,2.44433E-06
Q6CD46,1.7807E-07
Q6C6I8,2.29495E-06
Q6CCJ4,8.41106E-06
Q6CF69,8.01492E-06
Q6BZQ2,6.16311E-07
Q6CEQ4,9.61503E-06
O43108,1.49669E-06
Q6CDY1,3.72765E-07
Q6C0G0,1.51591E-06
Q6CBJ6,4.56915E-06
Q6C6R7,1.79661E-06
Q6C310,6.59604E-06
Q6C674,5.67421E-06
Q6BZR9,3.35466E-06
Q6CHD8,9.97922E-06
Q6C3F3,1.94989E-06
Q6CC66,6.10443E-06
Q6C3H4,4.03209E-06
Q6CGT7,5.53914E-06
Q6C7K0,6.72059E-06
Q6CGL4,4.38071E-06
Q6CED6,2.97943E-06
Q6CDY5,2.0582E-06
Q6CDZ3,8.51773E-06
Q6C0L5,9.35497E-09
Q6CHN2,8.38679E-06
Q6C0W6,4.37837E-06
Q6C4Q7,2.34463E-06
Q6C685,7.39337E-07
Q6C243,4.60381E-06
Q6CAW1,7.62666E-06
Q6CEM7,3.14127E-06
Q6C178,6.95813E-06
Q6CAJ7,7.12284E-06
Q6C1F8,7.29151E-06
Q6CET3,3.6308E-06
Q6C3F0,1.27693E-06
F2Z6J3,3.66468E-06
Q6C593,4.57224E-06
Q6C4H1,5.25294E-06
Q6C0E7,8.25337E-06
Q6C4Q2,1.81743E-06
Q6C7D2,5.18908E-06
Q6CB69,7.02047E-06
Q6CAB3,8.16596E-06
Q6C3P2,1.94952E-06
Q6CI15,8.63558E-06
Q6C336,7.00129E-06
Q6BZT5,6.26148E-06
Q6CDG6,7.93003E-06
Q6C9D2,4.03512E-06
Q6CDM0,8.50557E-06
Q6C4G0,6.54229E-06
Q6CGS0,5.92594E-06
Q6CAZ1,2.47136E-06
Q6C1X4,8.9705E-06
Q6C6X4,3.95928E-06
Q6C7J2,8.95203E-06
Q6C4B5,2.43497E-06
Q6C6U1,6.02079E-06
Q6C8S2,5.38209E-06
Q6C1G5,6.19422E-07
Q6C5G6,1.74044E-06
Q6CB37,4.83661E-06
P41922,4.50182E-06
Q6C477,8.83585E-06
P38997,6.21279E-06
Q6C7V4,4.90906E-06
Q6CHJ9,2.46103E-06
Q6C6W5,9.31445E-06
Q6C7F3,1.78831E-06
Q6C016,3.8974E-07
Q6C5R1,3.51379E-06
Q6CFQ1,8.30413E-06
Q6C2U9,9.09863E-06
F2Z6C0,5.14612E-06
Q6CD31,6.34661E-06
Q6C0I8,6.90207E-06
Q6CGE9,6.82409E-06
Q6C535,6.6644E-06
P41924,8.65721E-06
Q6CB49,1.35434E-06
Q6CEH2,3.19966E-06
Q6C815,9.31433E-06
Q6C2M3,1.26503E-06
Q6C3U5,5.99241E-06
Q6CEY4,2.24239E-06
Q6CHQ5,7.11992E-06
Q6C933,8.6621E-06
Q6C9Y6,7.24073E-07
B5FVC1,1.57009E-06
Q6C932,1.88286E-06
Q6C3D7,5.286E-06
Q6CDE7,1.0524E-06
Q6CB46,7.57761E-07
Q6C834,7.20928E-06
Q6CEL8,6.69486E-07
Q6C7H8,5.74387E-06
Q6CES4,4.79684E-06
Q6C8T6,9.72872E-06
B5RSM6,3.77143E-06
Q6C9R9,9.86197E-06
Q6C923,3.52099E-06
Q6C182,2.99304E-06
Q6CG63,1.34991E-06
Q6C6K5,1.96627E-06
Q6C4W9,5.65664E-06
Q6CDB5,7.57843E-06
Q6CBP8,4.26235E-06
Q6C097,9.91837E-06
Q6CEV6,3.59491E-06
Q6C9T8,6.50296E-06
F2Z658,9.35561E-06
Q6C2N7,4.05486E-06
Q6C773,8.33009E-06
Q6CF39,1.82378E-06
Q6C931,9.19811E-06
Q6C880,8.55199E-06
Q6C0J5,1.07973E-06
Q6C2W9,9.09394E-06
Q6CE60,1.86043E-06
Q9Y753,8.22602E-06
Q6C7X2,6.0809E-06
Q6C3I4,6.70568E-07
Q6C915,5.74018E-07
Q6CHA1,9.35532E-06
O74936,2.03843E-06
Q6CAZ4,1.94092E-06
Q6CEU8,4.15448E-06
Q6CEL9,1.82466E-06
Q6CD02,1.43631E-07
Q6CBP5,4.45435E-06
Q6CEE1,9.75944E-06
Q6CFQ0,4.59584E-06
Q6CA43,6.89832E-06
Q6CF08,5.42357E-06
Q6C5U4,3.00544E-06
Q6C6Q7,6.29967E-06
Q6BZW8,3.62614E-06
Q6C8Q1,3.49848E-06
Q99145,2.89334E-06
Q6C1Q7,2.78458E-06
Q6C4B2,6.38869E-06
Q6C1X5,3.27065E-06
Q6C246,4.43724E-06
Q6CCN1,1.61312E-06
Q6C1H5,6.56278E-06
Q6C2L3,3.54216E-06
Q6C936,4.8672E-06
Q6C8C2,7.6465E-06
Q6C8Q9,6.80346E-06
Q6C1Z8,9.28736E-06
Q6C4P7,4.59554E-06
Q6C4U7,2.7431E-06
Q6CFI3,7.39897E-06
Q6C288,3.79209E-07
Q6CCQ4,7.19216E-06
Q6CBT9,3.34469E-07
Q6CEV2,4.30421E-06
Q6C7E6,5.87608E-06
Q12725,4.17612E-06
Q6C3L8,8.34713E-06
Q6C0U3,7.0414E-07
Q6C2R3,2.53696E-06
Q6C2A3,9.79672E-06
Q6C648,7.92846E-06
Q6C6Z2,4.87837E-06
Q6CEL4,5.35336E-06
Q6C393,7.69461E-06
Q6CI96,7.29346E-06
Q6C8T1,2.65294E-06
Q6C0R2,1.50364E-06
Q6C6V0,3.50099E-06
Q6C6S1,3.43289E-06
Q6CE89,7.15856E-06
Q6CGI5,1.78484E-08
Q6C9C1,8.57179E-06
Q6CAY2,8.73655E-06
F2Z650,4.22643E-06
Q6C768,6.54045E-06
Q6CE17,8.66182E-06
Q6C4G6,6.69654E-06
Q6CCG1,1.67744E-06
Q6CG51,2.80013E-06
Q6C023,5.35394E-06
Q6C042,7.36969E-06
Q6C627,2.00293E-06
Q6C8P2,2.83829E-06
Q6C9H6,6.82147E-08
Q6C594,1.57588E-06
B5FVD8,1.06E-06
Q6C2L9,1.17184E-06
Q6CF86,5.61335E-06
Q6CC60,3.93162E-06
Q6C019,8.77811E-06
Q6C4C3,6.80158E-06
Q6CI63,1.93913E-06
Q6C8V7,3.72357E-06
Q6CB42,6.5043E-07
Q6C0G1,6.25511E-06
Q6CA32,9.39556E-06
Q6C7U8,3.37573E-07
Q6C975,7.3836E-06
Q6C8U8,1.25196E-06
Q6CFH7,3.83601E-06
Q6C5X6,6.56888E-06
Q6CGG6,2.28277E-06
Q6CG29,3.15395E-06
Q6C6B2,2.78496E-06
Q6CCX4,8.45724E-06
Q6C5I6,9.10742E-06
Q6C5L3,6.2825E-06
Q6C273,8.27007E-06
F2Z660,4.02168E-06
Q6CBN4,2.1958E-06
Q6C4L9,8.27991E-06
Q6C4K4,7.27743E-06
Q6CCE3,8.56837E-06
Q6CH06,7.30477E-06
Q6CBN2,8.04574E-06
Q6C8Z7,4.55047E-06
Q6C5N8,6.4989E-06
Q6C9J8,8.57149E-06
Q6CBQ9,7.16837E-06
Q6C2D1,9.67696E-06
Q6C1Z7,2.6352E-06
Q6C2B8,3.94181E-06
Q6CHJ1,1.51007E-06
Q6C657,9.76426E-06
Q6CCW6,6.95042E-06
Q6C1I3,7.98453E-06
Q6CEB8,8.46847E-06
Q6C5V2,1.49656E-06
Q6C8P0,2.56094E-06
B5RSL8,3.06926E-07
Q6C3H9,4.93251E-06
Q6C2J2,2.84989E-06
Q6BZZ6,7.25089E-06
Q6C8E1,3.61451E-06
Q6C524,5.04691E-07
Q6C5H6,6.70837E-06
Q6C9N3,3.85258E-06
Q6CAR0,2.52875E-06
Q6BZU2,3.16899E-07
Q6C2S4,9.01114E-06
Q6C4P9,5.24651E-09
Q6CDP1,4.17078E-06
Q6CFX2,3.0285E-06
Q6C9T1,7.67257E-06
Q6CEJ8,7.3387E-06
Q6C8Z6,1.50137E-06
Q6C6Y7,1.44369E-06
Q6C7Q8,5.53014E-06
Q6C317,1.87636E-06
Q6C6Z7,9.99928E-06
Q6CDT1,6.24169E-06
Q6C573,2.97101E-06
Q6CA66,1.37256E-06
Q6CFJ5,6.62583E-06
Q6CI02,1.50406E-06
Q6C3V0,2.99165E-06
Q6C2W6,3.78709E-06
Q6CH33,2.99731E-06
Q6C1I9,2.87514E-06
Q6C438,4.72038E-06
Q6C6Z6,1.67612E-06
Q6C017,9.03687E-06
Q6CHU1,2.27825E-06
Q6C765,7.88505E-06
Q6CAW8,3.61696E-06
Q6CCY8,7.86656E-07
Q6C9A7,6.54227E-06
Q6C9R4,8.4192E-06
Q6BZV7,9.29301E-06
Q6C465,1.52234E-06
Q6C587,4.05448E-06
Q6CG80,1.30116E-06
Q6BZT1,3.5053E-06
Q6C508,4.30568E-06
F2Z6H1,2.80375E-06
Q6CFK6,8.74534E-06
Q6C924,4.76676E-06
Q6CEK3,9.08561E-06
Q6C7F4,8.72121E-06
Q6C5M4,5.67804E-06
Q6CD43,6.25624E-06
Q6CI82,3.04583E-06
Q6CHH1,6.00467E-06
Q6CFA8,5.54867E-07
Q6C352,6.0015E-06
Q6CHA5,1.49409E-06
Q6C3B0,8.27165E-06
Q6C9Z9,2.74586E-07
Q6CA45,9.38658E-06
B5RSL6,9.30024E-08
Q6C6P2,8.62244E-06
B5RSL1,5.35923E-06
Q6C8E4,5.27232E-06
Q6C1R0,1.45471E-06
Q6CA79,2.09498E-06
Q6C8S3,9.20874E-06
Q6CHE0,4.23279E-06
Q6CGD3,9.82778E-06
Q6C5B2,7.14817E-06
Q6C9Z8,7.02958E-06
Q6C0Z2,3.91267E-06
Q6C5Y6,6.96867E-06
Q6CG14,8.45896E-06
Q6C8B8,9.48572E-06
Q6CG28,1.55841E-06
F2Z6H7,7.90363E-06
Q6C5R9,9.7952E-06
Q6CCT1,7.01196E-06
Q6CCF1,7.69149E-06
Q6CAV2,6.72898E-06
Q6CB34,3.27516E-06
Q6C9F3,5.42199E-06
Q6C7L4,7.78009E-06
Q6C9U3,5.41877E-06
Q6C623,4.58621E-06
Q6CFF3,4.99353E-06
Q6CAK6,8.70557E-06
Q6C9N6,2.93165E-06
Q6CFP5,9.54368E-06
Q6CFD2,7.9885E-06
Q6C5B3,2.0389E-06
Q6C7G2,5.12424E-06
Q6CAD4,3.31524E-06
Q6C5V5,4.81753E-07
Q6C0Z5,1.7093E-06
Q6C5Y8,4.63557E-06
Q6C3S4,9.20811E-06
Q6C816,1.71044E-06
Q6CAE5,6.2931E-06
Q6CFM6,9.0582E-06
Q6CE91,7.84635E-06
Q6CI10,2.61768E-06
Q6CBV3,7.52735E-06
Q6CAN4,5.80017E-06
Q6CI89,6.09279E-06
Q6CHC2,3.05978E-06
Q6CDU6,2.6283E-06
Q6C9U7,2.97571E-06
Q6CCZ2,9.99476E-06
Q6C6J4,6.92218E-06
Q6C5E0,7.97821E-06
Q6CGK2,3.33491E-06
Q6C7L3,8.29831E-06
Q6CEU7,9.06226E-06
Q6CFZ4,5.3275E-06
Q6C0Q2,9.28065E-06
Q6CFX8,2.38083E-06
Q6CDK5,9.93345E-06
Q6CD12,4.7094E-07
Q6C9H7,2.61724E-06
Q6C3Y0,9.85064E-06
Q6C755,3.58887E-06
Q6C256,3.30924E-06
Q6CCE8,8.033E-06
Q6C3K0,6.99293E-06
Q6C855,3.93483E-06
Q6C3E0,8.40596E-06
Q6CGP7,5.84518E-06
Q6C2S1,2.17663E-06
Q6CDE6,5.38418E-06
Q6CF28,9.90178E-06
Q6C598,1.97112E-06
Q6CHI5,5.06591E-06
Q6CAH9,3.29392E-06
Q6C215,2.09447E-07
Q6CDJ6,5.08682E-06
Q6CH91,3.09018E-06
Q6C974,6.62785E-06
Q6CDA3,7.77777E-06
Q6C100,6.81348E-06
Q6C174,3.43914E-06
W0TYP5,3.34254E-06
Q99150,2.89134E-06
Q6C4S9,4.11863E-06
Q6C3W3,6.57799E-06
Q6CHZ7,4.24212E-06
Q6C5S2,5.98958E-06
Q6C642,3.80335E-06
Q6CFP9,5.10854E-06
W0TYP4,5.27182E-06
Q6CDK0,1.13146E-06
Q6CFM9,4.32976E-06
Q6C5X8,4.77918E-06
Q6C8G3,6.79745E-06
Q6BZS7,6.33313E-06
Q6CDZ4,6.23572E-06
Q6C5C7,1.75752E-06
Q6C2B0,7.74679E-06
Q6CI30,7.80977E-06
Q6CD05,1.93817E-06
Q6CCF9,8.01594E-06
Q6C1U6,5.55666E-06
Q6C0M2,5.20842E-07
Q6CGM7,4.32122E-06
Q6C7G1,4.15013E-06
Q6CFA0,8.26939E-07
Q6C9P3,1.02016E-07
Q6CGI0,4.94718E-07
Q6C0I0,6.70486E-06
Q6CB92,1.99767E-06
Q6CB68,4.27164E-06
Q6CEE2,7.46639E-06
Q6C0I4,8.02575E-06
Q6CHS3,4.09433E-06
Q6CFC9,9.6639E-06
Q6C0Z6,5.46544E-06
Q6C0N2,3.71888E-06
Q6C2B4,2.6552E-06
Q6C5W8,8.20594E-06
Q6C747,4.65532E-06
Q6CAZ5,9.44939E-06
Q6CAR2,3.9162E-06
Q6C8K2,7.29471E-06
Q6C5L5,7.73453E-06
Q6CAB5,3.9944E-06
Q6C430,7.76769E-06
Q6C9Y4,8.61947E-06
Q6C2Y9,2.66913E-06
Q6C823,6.84065E-06
Q6C2R2,4.72364E-06
Q6CFX0,8.04391E-07
Q6C8T3,8.44945E-06
Q6BZS4,6.1423E-06
Q6CH62,3.66152E-06
Q6BZY8,9.18206E-06
Q874C0,8.76027E-06
Q6C0R7,7.18343E-06
Q6CGF6,3.9389E-06
Q6C571,5.02967E-06
Q6C6G0,3.17277E-06
Q6C0Q5,5.69591E-07
Q6C068,3.25508E-06
Q6CEN6,3.41407E-06
Q6C239,2.08848E-06
Q6C0R4,2.25929E-06
Q6CCV3,1.62063E-06
Q6C5P6,3.49491E-06
Q6C6C7,7.83275E-06
Q6CCE1,7.9457E-06
Q6C7R0,8.43424E-06
Q6C6Q2,8.90526E-06
Q6CH61,5.07076E-07
Q6CFN6,6.88467E-06
Q6C877,7.80673E-06
Q6CBB1,8.0274E-06
Q6C6Y6,2.67864E-06
F2Z6J4,8.78032E-06
B5FVF8,4.86663E-06
Q6C8V1,8.78821E-06
Q6C4I7,9.83817E-06
Q6CD68,7.35578E-06
Q6CBG6,8.14805E-06
Q6C3C5,1.84001E-06
Q6CAT1,3.11355E-06
Q6C1K7,2.97619E-06
Q6C5N1,2.8673E-06
Q6C192,4.22091E-06
Q6C8C6,6.36719E-06
Q6CFZ0,1.51518E-06
Q6CDU2,2.30074E-07
Q6CF81,9.23701E-06
Q6CHY1,6.17638E-06
Q6C7J1,8.17355E-06
Q6C948,7.44208E-06
Q6CA65,8.39504E-06
Q6C614,4.38486E-06
Q6CAG8,9.46227E-06
Q6C5I9,4.74489E-06
Q6C3I3,2.02646E-07
Q6C6N4,4.35602E-06
Q6C8B6,4.29719E-06
Q6CBL6,5.72536E-07
Q6CBI1,1.80232E-06
Q6C5K4,3.88633E-06
Q6C7Y3,7.36956E-06
Q6C836,1.07883E-06
Q6CFX1,8.56196E-06
Q6C4G1,7.55011E-06
Q6C2F7,6.72225E-06
Q6C3P7,5.59532E-06
Q6C3I9,2.92123E-06
Q6CCJ7,8.89717E-06
Q6C3V2,9.90705E-06
Q6C2H1,4.04161E-06
Q6C8G0,5.70031E-08
Q6CBE2,7.77611E-06
Q6CC78,4.09246E-06
Q6C4W2,8.97347E-07
Q6C9S3,6.14643E-06
Q6C5N2,6.14087E-06
Q6C5F0,3.91588E-06
Q6CE98,3.16556E-06
Q6C788,6.04764E-06
Q6C9C9,3.59122E-06
Q6C582,5.85667E-07
Q6C8W2,4.71232E-06
Q6CI71,1.77009E-06
Q6CB90,6.16045E-07
Q6C6X6,1.13431E-06
Q6CG23,2.06105E-06
Q6C9M6,6.83227E-06
Q6C7C8,9.28445E-06
Q6CCH7,8.89742E-06
Q6C2M0,2.95264E-06
Q6C6M6,7.06005E-06
Q6C1I0,7.55434E-06
Q6CAP2,7.93103E-06
Q6CEW6,5.33843E-06
Q6CGR2,7.63245E-07
Q6C8W3,5.83217E-06
Q6CI26,8.47709E-06
Q6CA92,9.97209E-07
Q6C1G4,6.27636E-06
Q6C7L1,5.38481E-06
Q6CEG4,4.49667E-06
Q6C1P8,6.9678E-07
Q6C5F7,8.55657E-06
Q6C5S9,7.19202E-06
F2Z672,7.81859E-06
Q6C1S4,7.04373E-06
P18120,2.73559E-06
Q6BZU3,4.66329E-06
Q6C5P4,3.60731E-06
Q6BZR8,5.65605E-06
B5FVG8,9.03617E-06
Q6CG95,5.25139E-06
Q6CHD5,6.81807E-06
Q6C4K5,2.26437E-06
Q6CDE1,2.90942E-06
Q6C9L5,4.36719E-06
Q6C916,1.03762E-06
Q6C9Q2,1.28388E-06
Q6CD64,1.55789E-06
Q6C567,9.39951E-06
Q6C5H4,1.16035E-06
Q6CEJ6,4.68933E-06
Q6CBN5,5.7912E-06
Q6CA59,6.20249E-06
Q6CB66,7.05684E-06
Q6CAF8,4.40864E-06
Q6C3L1,4.41156E-06
Q6CBG8,6.85602E-06
Q6CFT8,6.47291E-06
Q6CC75,2.18036E-06
Q6CI34,9.85101E-06
B5FVF9,2.16396E-06
Q6C7B6,5.30769E-06
Q12726,7.22231E-06
Q6C9S0,1.12262E-06
Q6CGR9,7.60522E-06
Q6C414,2.17027E-06
Q6C522,7.82836E-07
Q6C1X9,4.1067E-06
Q6C045,4.39478E-06
Q6CIA7,1.70307E-06
Q6CD21,7.20824E-06
Q6CH26,2.38329E-06
Q6C163,7.87164E-06
Q6CA02,2.66944E-06
Q6C9M7,8.71288E-06
Q6C242,2.47647E-06
Q6CCT0,8.15751E-06
Q6CC82,7.99174E-06
Q6C3D4,7.05217E-06
Q6C1Q9,8.89447E-07
Q6C454,5.945E-06
Q6C314,5.41989E-06
Q6CAA3,5.08808E-06
Q6CDK7,1.53701E-06
Q6C6Q8,3.1039E-06
Q6C482,3.29373E-06
Q6C0G4,9.15605E-06
Q6C7U3,4.81412E-06
Q6CHM2,4.07297E-06
Q6BZY5,6.38866E-06
Q6C7Y7,4.06963E-06
Q6C4D8,4.49076E-06
Q6CBG0,1.77524E-06
Q6CEU0,9.54347E-06
Q6C9H1,9.48232E-06
Q6CC87,4.14565E-06
Q6C6W1,2.17873E-06
Q6C2G0,1.73175E-06
Q6C6W3,7.13272E-06
Q6CE11,4.02258E-06
Q6C2V6,9.43173E-06
Q6CI08,7.02072E-06
Q6CHA6,6.8203E-07
Q6CCY2,3.95058E-06
Q6CA37,3.49467E-06
Q6CD63,9.93697E-06
Q6CFC8,1.53587E-06
Q6C7Z9,7.51406E-06
Q6C7K3,9.36771E-06
Q6C588,6.18528E-06
B5FVG4,7.48562E-06
Q6CE71,9.27412E-06
B5FVB4,1.70168E-06
Q6CEK9,9.93418E-06
Q6CBC5,4.949E-06
Q6C9L1,1.68258E-06
Q6CHX3,4.20397E-06
Q6C405,7.69433E-06
ABM45933,8.42753E-06
Q6CCQ3,5.22759E-06
Q6C1D8,5.71813E-06
Q6CHL1,8.17279E-06
Q6C909,8.70982E-06
Q6C7U9,5.87006E-06
Q6C234,3.08422E-06
Q6C4C9,1.41231E-07
Q6C5Z0,9.99843E-06
Q6CD89,6.17382E-07
Q6C9Y1,7.1928E-06
Q6C1Z0,9.67036E-06
Q6C1Z5,3.4827E-06
Q6CC88,7.76266E-06
Q6C2Y0,7.6856E-06
Q6C8T7,3.7199E-06
Q6CF59,2.51143E-06
Q6C9J0,6.30709E-06
Q6C3Y5,2.17052E-06
Q6C470,8.5898E-06
Q6C0B7,3.58659E-06
Q6CB52,6.13294E-06
Q6CG05,4.08149E-06
Q6CGR5,7.95785E-06
Q6BZZ9,3.22451E-06
F2Z694,4.79405E-06
Q6CDY2,7.86974E-06
Q6CEJ0,3.12215E-06
Q6C846,7.29226E-06
Q05493,7.4644E-06
Q6CG42,7.60283E-06
Q6C549,5.4376E-06
Q6CBR7,1.30335E-06
Q6CH90,5.73827E-06
Q6C9Q7,4.18688E-08
Q6C889,6.07567E-06
Q6C8I3,5.46083E-06
Q6C6K9,9.24524E-06
Q6C5P5,3.2527E-06
Q6C5A4,6.54959E-06
Q6C8D4,1.93132E-06
Q6C9X9,9.68471E-06
W0TYM5,6.21952E-06
Q6CC67,6.01669E-06
Q6C4G9,6.55324E-06
Q6CCD9,2.11412E-06
P45816,5.41341E-06
Q6CA23,6.14166E-06
Q6C7K9,8.57915E-06
Q6C609,3.27182E-06
Q99158,6.08917E-06
Q6C6W8,3.56385E-06
Q6C211,4.10352E-06
Q6C4U6,4.10523E-06
Q6C5B7,1.91624E-07
Q6C7U2,9.32323E-06
P41923,7.03116E-06
Q6CAQ4,1.31772E-06
Q6C5W5,5.46861E-06
Q6C5Y5,2.05803E-06
Q6CFS2,9.51262E-06
Q6C968,7.28922E-06
Q6C9E8,3.05577E-08
Q6C692,8.41172E-06
Q6CDI5,8.58106E-06
Q6C2Q5,1.18914E-06
Q6CE97,1.57369E-06
Q6C955,7.66194E-06
Q6CEW9,8.05069E-06
Q6CG50,6.2352E-07
Q6C775,2.74991E-06
Q6C8W0,3.62457E-06
Q6C487,3.0891E-06
Q6CF84,5.4023E-06
Q6C224,3.40854E-07
Q6CDB9,3.19485E-07
Q6C5C0,8.98269E-06
Q6C6V6,6.90707E-06
Q6C8Y9,4.55709E-06
Q9UVF3,6.7364E-06
Q6C9H5,5.79594E-07
Q6CEM2,6.9954E-06
Q6C6T4,1.70842E-06
F2Z5Y1,8.84173E-06
Q6CB43,6.0634E-06
Q6C926,2.01477E-06
Q6CIA2,4.59003E-06
Q6C6R1,7.03539E-06
Q6CAS3,6.56072E-06
Q6C1E8,5.10049E-06
Q6C9H3,2.87063E-06
Q6CB13,5.0672E-06
Q6CBA2,2.71841E-06
Q6C791,4.64698E-06
Q6C3Y8,4.69136E-06
Q6C4J6,6.0265E-06
Q6C141,1.48344E-06
Q6CCH5,3.49423E-06
Q6CFS3,4.05233E-06
Q6C3K1,1.48823E-06
Q6C4P1,6.32902E-06
Q6CEK6,2.98574E-06
Q6CCG2,3.51767E-06
Q6C4E9,9.91525E-06
Q6C3M9,9.3437E-06
Q6C7U6,5.51065E-06
Q6CF30,1.13315E-06
Q6C4Y2,9.11216E-06
Q99144,1.11702E-06
Q6CGJ5,4.16033E-06
Q6CB48,8.97153E-06
Q6C9M5,4.05309E-06
Q6CFY2,6.81134E-06
Q6C4X4,1.19668E-06
Q6C864,2.91691E-06
Q6C8T5,1.87479E-06
Q6C5U6,2.11515E-07
F2Z6F1,9.71644E-06
Q6CES3,6.90956E-06
Q6C7M4,4.65768E-06
Q6CA56,8.15741E-06
Q6C9K1,2.98475E-06
Q6C752,2.79538E-06
Q6C1H2,1.70216E-06
Q6C134,5.54106E-06
Q6C1T4,8.96955E-06
Q6C3C3,2.3113E-06
Q6C2E5,2.1313E-06
Q6C736,1.74833E-06
Q6CA00,9.97956E-06
Q6CBI2,1.89924E-06
Q6CGH1,4.81366E-07
Q6C3X6,8.89126E-07
Q6C0H1,8.81815E-06
Q6C6H9,6.98226E-06
Q6CEC5,4.78581E-06
Q6C2F8,1.94466E-06
Q6C9Z5,4.32129E-06
Q6C8C3,7.58327E-06
Q6C8N1,2.02351E-06
Q6C0G5,2.89659E-06
Q6CAT7,4.01328E-06
Q6CF45,6.37462E-06
Q6C897,4.21075E-07
Q6CGB1,9.5587E-06
Q6C749,5.04246E-06
Q6C342,8.97184E-06
Q6C060,8.85656E-06
Q6C1U9,5.8797E-06
Q6CAV8,5.01962E-06
Q6C847,4.1533E-06
Q6C5H0,8.15016E-06
Q6BZS1,6.4555E-06
Q6CFS9,2.43621E-06
Q6CHZ9,5.64963E-06
Q6C7Z2,8.90457E-07
Q6C2Y4,1.58888E-07
Q6CG27,1.70487E-06
ATJ44471,5.94425E-06
B5FVD6,2.96932E-06
Q6CGV1,1.17964E-06
Q6C9P4,6.88843E-06
Q6C4C8,5.08155E-06
O59949,4.19693E-07
Q6C5A2,5.56273E-06
Q6C4A4,1.25824E-06
Q6C2N9,6.51452E-07
Q6C9C7,7.39347E-06
Q6BZW0,5.67835E-06
Q6CGV2,8.73646E-06
Q6CFA1,8.02369E-06
Q6C390,5.95499E-06
Q6C0Z7,8.51058E-06
Q6C1G8,6.26264E-06
CAB69054,1.21625E-06
Q6C2J7,4.59796E-06
Q6C608,5.11437E-06
Q6CHM8,4.89405E-06
Q6C400,5.35297E-06
Q6C2Q9,8.83274E-06
Q6C0F7,4.05163E-06
Q6C361,8.97699E-06
Q6C800,1.43353E-06
Q6CAL2,8.71363E-07
Q6CBP4,8.30667E-06
Q6C2S0,6.25732E-08
Q6C6W9,1.24104E-07
Q6CA55,5.67149E-06
Q6C0L9,3.81428E-07
Q6C8D6,4.03108E-06
Q6C551,1.01428E-06
Q6CB09,6.315E-06
Q6CD37,7.43555E-07
Q6C1N1,5.64436E-06
Q6CFH4,5.68015E-06
Q6CFV4,2.11049E-06
Q6C538,6.17162E-06
Q6CBB6,1.5808E-06
Q6C4I6,5.77591E-06
Q6CBE4,9.14159E-06
Q6C3K7,5.26702E-06
Q6CDQ7,4.94262E-06
Q6CGN5,2.51767E-06
Q6CCP7,7.54545E-06
Q6C1Y2,6.33415E-06
Q6C3Z9,3.72301E-06
Q6CBG4,2.59631E-06
Q6C9Q0,6.84914E-06
Q6C1T7,5.88128E-06
Q6C986,7.9608E-06
Q6C682,7.10707E-06
Q6CFA4,2.37215E-06
Q6C354,3.14618E-06
Q6CB54,4.88301E-06
Q6C284,2.29843E-06
Q6CFT2,8.39693E-06
Q6CF36,9.33771E-06
Q6C0S2,6.91485E-06
Q6C9B7,1.61763E-07
Q6C9V1,7.26332E-07
Q6C2F2,9.5936E-06
Q6BZX6,5.1172E-06
Q6C0J6,2.78779E-06
Q6CBS7,5.57683E-06
Q6C624,3.10331E-06
Q6CCI8,4.08339E-06
Q6C0I5,1.74436E-06
Q6C2I3,8.86707E-06
Q6C2P6,4.74922E-06
Q6C612,6.97211E-07
Q6CD53,7.85561E-06
P29407,2.90922E-06
Q6CGW9,2.88548E-06
Q6CB65,4.33145E-06
Q6C297,2.27068E-06
Q6C2S6,6.66063E-06
Q6C081,4.43588E-06
Q6CEP2,7.03665E-06
Q6BZX2,1.44832E-06
Q6CAI6,6.83547E-06
Q6CDH3,5.01728E-06
Q6BZZ2,6.51772E-06
Q6C140,5.78527E-06
Q6CG53,2.22048E-06
Q6CEJ9,3.83932E-06
Q6C4K8,7.37166E-06
Q6CBA9,4.97259E-06
Q6CCY1,8.94298E-06
Q6C1F3,2.59066E-06
Q6C6J2,3.7531E-06
Q6CFW2,5.70006E-06
Q6C376,2.20275E-06
Q36258,3.29486E-06
Q6CCI0,9.05051E-06
Q6C9F7,4.38494E-08
Q6CAV9,6.72012E-07
Q6CFM1,7.24773E-06
Q6C2F6,3.20763E-06
Q6CEN0,3.9542E-06
Q6CG46,5.5897E-06
Q6C4S7,3.62885E-06
Q6C080,1.06891E-08
Q6C350,3.24335E-06
Q6CFG0,8.45184E-06
Q6CFZ7,6.3357E-06
Q6CE59,8.46697E-06
B5FVB3,9.56496E-06
Q6C369,9.70926E-06
Q6CDL1,9.0987E-06
Q6C4Z8,3.22881E-07
Q6CBQ1,6.92087E-06
Q6CB11,1.2825E-06
Q6CBX5,1.3768E-06
Q6C9G9,3.83402E-06
Q8TG23,7.91653E-06
Q6CHC0,1.39308E-06
Q6CB70,5.15345E-06
Q6C1A3,8.25149E-06
P34229,2.80772E-06
Q6CEX2,7.92045E-06
Q6CCT2,6.3927E-06
Q6CHE2,9.03001E-06
Q6CHJ7,6.6983E-06
Q6C0B5,3.31756E-06
F2Z699,6.87232E-06
Q6C029,4.12358E-07
Q6C169,8.52363E-06
Q6CCS7,4.54837E-06
Q6CFR7,7.19365E-06
Q6C2B3,7.90758E-06
Q6C0Y4,6.5895E-06
Q6C3K6,3.35029E-06
Q6C9P1,1.02107E-06
Q6C2B5,7.55246E-06
Q6CGG9,6.2857E-06
Q6CF46,1.20508E-06
Q6C3W5,3.66124E-06
Q6C708,2.62964E-06
Q6C0H3,7.87813E-06
Q6CH25,4.75775E-06
Q6CFY0,1.69347E-06
P00761,5.98645E-07
B5FVG6,1.09489E-06
Q6C3X4,9.88066E-06
Q6CDV7,6.06315E-07
Q6CEW0,8.70842E-06
Q6CDX7,7.86906E-07
B5FVA9,2.94236E-06
Q6C617,6.18684E-06
Q6C6V1,9.07306E-06
P80547,1.524E-06
Q6CAU5,6.16577E-06
Q6C1A8,9.91565E-06
Q6CF38,3.51942E-06
Q6C0C5,6.68517E-06
Q6C290,1.62584E-06
Q6C6Q4,8.41453E-06
Q6C209,7.85441E-06
Q6C6R2,1.33309E-06
Q6CEJ7,3.30632E-06
Q6C4N1,1.7857E-06
Q6C4N4,3.28855E-06
Q6C603,7.20459E-06
Q6CB74,6.99129E-06
B5FVF3,8.10328E-06
Q6CA33,7.96821E-06
Q6CEG7,4.85315E-06
Q6C3J7,3.76428E-06
Q6C4D4,2.83712E-06
Q6C7P9,3.16358E-06
Q6C0E1,4.65416E-06
Q6C8D2,6.6182E-06
Q6CA97,2.44448E-06
Q6C8Q3,3.34921E-06
Q6C0T8,6.06199E-06
Q6C5D5,1.52102E-06
Q6C365,1.4449E-06
Q6C241,4.67651E-06
F2Z6I5,3.97596E-06
Q6C3E1,8.10472E-06
Q6C812,4.17933E-06
Q6C6Y4,7.17803E-06
Q6CCQ8,9.39905E-06
Q6CFH1,8.69643E-06
Q6C7J6,6.24542E-06
Q6C6A3,6.2309E-06
Q6CGM0,3.26909E-06
Q6CEW7,7.87081E-06
Q6C1A9,5.71475E-06
Q6C9T7,5.45875E-06
Q6CFL3,2.6057E-06
Q6C0C4,9.36065E-06
Q6L8K7,1.35524E-06
Q6C386,5.93065E-06
Q6C4T2,2.18102E-06
Q6CDI2,7.0637E-06
Q6C3Q2,3.22687E-06
Q6CBM3,8.32254E-06
Q6CDL0,9.2336E-06
Q6C7B1,4.55526E-06
Q6C0E9,3.99681E-06
Q6CF90,7.44928E-07
Q6CAV4,1.46864E-06
Q6C781,8.68163E-06
Q6C9X2,9.49189E-06
Q6C9G6,8.15541E-06
Q6BZZ5,6.31543E-06
Q6C4U1,6.14627E-06
Q6C403,5.97132E-06
Q6CDX4,6.24494E-06
Q6C2E3,6.10332E-06
Q6CI24,6.17558E-06
Q6C540,3.91114E-06
Q6C338,2.15925E-06
Q6CCY5,9.56491E-06
Q6C0A1,8.13255E-06
Q6C6H1,8.31966E-06
Q6CHT7,9.48128E-06
Q6C012,9.81755E-08
Q6C4K0,3.16693E-06
Q6CD80,1.88606E-06
Q6CGH0,2.12997E-07
Q6BZT7,5.69529E-06
Q9UVF4,3.40096E-07
B5FVE0,7.83229E-06
Q6C9U9,2.66525E-06
Q6CDV4,2.60321E-06
Q6C2F1,5.00299E-06
Q6CEU6,2.14882E-06
Q6C1K0,5.84937E-06
Q6C492,4.71878E-06
Q6C105,4.35675E-07
Q6C5Q2,7.2471E-06
Q6CD45,5.94599E-06
Q6C7I9,3.23604E-07
Q6CFE4,6.77619E-06
Q6CFY3,5.12338E-06
Q6CF41,9.0172E-06
Q6C0N3,3.03126E-06
Q6C1T8,5.34647E-06
Q6CE16,9.73319E-06
Q6C3M2,4.37665E-06
Q6C4H3,2.04706E-06
Q6C4G4,1.07561E-06
Q6CA73,3.62483E-06
Q6CDU7,4.09415E-06
Q6C7Y1,7.0663E-06
Q6C641,5.69023E-06
Q6C7C6,4.67186E-06
F2Z6F8,1.9398E-06
Q6CIA6,1.58015E-06
Q6C3R3,9.52676E-06
Q6CFP3,7.02598E-06
Q6CFF7,2.12392E-06
Q6C5M6,5.03701E-06
Q6CCS4,4.02605E-07
Q6CBP3,4.96352E-06
Q6C2X0,2.23214E-06
Q6C6H5,6.70576E-07
Q6C638,9.5493E-06
Q6C5J2,5.89651E-06
Q6C3X7,2.63105E-06
Q6CBM2,3.6528E-06
Q6CDR9,1.73271E-06
Q6CCK5,6.88175E-06
Q6C7I2,6.18539E-06
Q6CEH4,7.43325E-06
Q99170,2.83767E-06
Q6CC94,4.57591E-06
Q6C9E6,3.52528E-06
Q6CHP2,5.83595E-07
W0TYP0,3.7434E-06
B5FVF1,9.55373E-06
Q6CEM6,5.06202E-06
Q6C9G4,2.45983E-06
Q6CA34,3.04695E-06
P41555,2.32943E-06
Q6C7B8,2.45172E-06
Q6C3H7,9.38953E-06
Q6C0Y0,4.15073E-06
Q6C4W6,2.23169E-06
Q6C0J1,3.6753E-06
Q6C399,9.70601E-06
Q6CE62,9.99377E-06
Q6C1X1,8.57184E-06
Q6C5W9,2.64351E-06
Q6CFB6,1.12193E-06
Q6C1F2,1.41169E-06
P30614,9.07288E-06
Q6C634,2.13921E-06
Q6CI99,3.74949E-08
Q6C9N5,5.66135E-06
Q6C6A9,5.017E-06
Q6CHD7,3.94464E-06
Q6CCN4,5.64986E-08
Q6C7C1,6.68242E-06
Q6C9P6,6.16907E-06
Q6C8W6,8.19995E-06
Q6BZU1,8.69922E-06
Q6C8M8,9.77692E-06
Q6CFU7,5.30711E-06
Q6CGF0,3.43904E-06
Q6C569,1.2314E-06
Q6C1Z3,1.08449E-07
Q6C1D2,9.11677E-06
Q6C9J5,5.52752E-06
B5RSK8,4.09243E-06
Q6CGY9,2.35868E-06
Q6CCU7,1.17996E-06
Q6CEM5,4.68714E-06
Q6CDH0,7.98287E-06
Q6CEP4,5.42146E-06
Q6CCW9,2.35164E-06
Q6C6Z1,5.18424E-06
Q6C9K0,5.83194E-06
Q6BZX8,8.0024E-06
Q6CGJ3,8.0868E-06
Q6C695,7.28908E-06
Q6C2X7,9.01602E-06
Q6C3D2,6.79912E-07
P59680,8.81399E-06
Q6BZS0,2.93314E-06
Q6C848,6.42718E-06
Q6C832,2.35664E-06
Q6CFH9,9.37048E-06
Q6CEZ5,7.51672E-06
Q6C4Q8,7.00542E-06
Q6C139,6.72519E-06
Q6CC91,1.3006E-06
Q6CE01,1.69974E-06
Q6CFW1,3.46245E-06
Q6CBY2,2.93902E-06
Q6C0G7,4.90096E-06
Q6C2C9,6.96933E-06
Q6CC26,4.56274E-06
Q6C6P1,4.02824E-07
Q6CF74,5.20638E-06
Q99148,7.87912E-06
Q6C340,4.53733E-06
Q6C2I1,3.5597E-06
O59950,1.50737E-06
Q6C592,1.95549E-06
Q6CFT7,2.38582E-06
Q6CF43,3.76697E-06
Q6C4Y7,5.76695E-06
Q6C4C2,2.03074E-06
Q6C1P6,3.79519E-06
Q6CGM6,8.00934E-06
Q6CG57,6.27245E-06
Q6C2S5,4.87435E-06
Q6CCV6,5.22795E-06
Q6C5I0,9.82533E-06
Q6C793,8.44574E-07
Q6CEQ0,8.26836E-06
Q6C3M8,6.82777E-06
